SciFiction "Interview with Steve Evans Director of Design &amp; Development, @starwars Toys at @Hasbro @SW_Celebration @HasbroNews 
https://t.co/fGAtYeWZDD" "Tue May 23 01:02:11 +0000 2017" True
SciFiction "RT @GineokwKoenig: Pledge 4 @manuintiraymi &amp; I's new project @thecircuitmovie Bring back conscientious #scifi
https://t.co/D8Ygzx3Rki #WeAr…" "Mon May 22 20:53:43 +0000 2017" False
SciFiction "RT @GeekTyrant: DO OR DO NOT: Learn The Unknown Story of Yoda's Puppeteer https://t.co/BWF0N5kgFv https://t.co/Pjju1n4WhB" "Mon May 22 20:50:25 +0000 2017" False
SciFiction "We will be covering @MobiconMobile @RiverviewPlaza May 26-28th @Ball00nManX @ErinLilleyS @Rikativity @SirJeremyLondon @Petro423 @MrSamMedina" "Mon May 22 20:41:29 +0000 2017" True
SciFiction "RT @ManuIntiraymi: 200K this weekend, and we fund the whole series! - 100,000 fans around the world stand up for conscientious Sci-Fi. http…" "Sat May 20 18:48:37 +0000 2017" False
SciFiction "Interview with #RogueOne A @StarWars Story Actress @Ingvild_Deila
#StarWars #Acting #SciFi #GeorgeLucas #Marvel 

https://t.co/csicutrPJB" "Sat May 20 05:05:17 +0000 2017" True
SciFiction "SciFiction will be covering @MobiconMobile @RiverviewPlaza May 26-28th @Ball00nManX @ErinLilleyS @Rikativity @joearmory @SirJeremyLondon" "Thu May 18 02:04:23 +0000 2017" True
SciFiction "RT @startrekcbs: At the edge of the universe, Discovery begins. https://t.co/xIWmNDREAb #StarTrekDiscovery https://t.co/xlpH3Oe238" "Thu May 18 01:49:52 +0000 2017" False
SciFiction "RT @70sscifiart: humanoidhistory:

Apollo 14 astronauts set out to explore the Moon in 1971 concept art from NASA contractor Grumma… https:…" "Fri May 12 22:46:45 +0000 2017" False
SciFiction "@BattlestarRaven So say we all! One of the kindest &amp; most down to earth people we have had the honor to talk #SciFi… https://t.co/Q1dBGTFEJ8" "Wed May 10 23:24:54 +0000 2017" True
SciFiction "RT @BattlestarRaven: The Torch of Faith Lives On in Memory of Richard Hatch - Actor 

https://t.co/LhNpEvWIWN https://t.co/n2V74CRVfT" "Wed May 10 23:21:54 +0000 2017" False
SciFiction "RT @glxp: The author of #TheMartian has announced his 2nd book - and he's taking readers (&amp; moviegoers) to the Moon!: https://t.co/oHbE9JsL…" "Wed May 10 16:38:19 +0000 2017" False
SciFiction "RT @ManuIntiraymi: If U supported @5thPassenger &amp; @RenegadesTrek @DS9Doc support @TheCircuitMovie 2 bring back #SciFi 4 a better world http…" "Wed May 10 16:35:04 +0000 2017" False
SciFiction "RT @BoHseries: We are live! Please support Richard Hatch's final performance in this new sci-fi series. @indiegogo https://t.co/05wTZ6c8re" "Wed May 10 16:33:56 +0000 2017" False
SciFiction "Memorial Day Weekend May 26-28th SciFiction &amp; crew will be covering @MobiconMobile @Ball00nManX @GeekOutStudio @ErinLilleyS @Rikativity" "Wed May 10 16:32:34 +0000 2017" True
SciFiction "RT @hollywoodscifi: May 9th is the 20th anniversary of #TheFifthElement and, to celebrate, Fathom Events is bringing it back to theaters
ht…" "Wed May 10 16:13:33 +0000 2017" False
SciFiction "RT @bladerunner: There are still pages left in this story. #BladeRunner2049 https://t.co/lsLXlTYikx" "Wed May 10 16:01:36 +0000 2017" False
SciFiction "May The Fourth Be With You!!
#StarWars #TheForce #StarWarsDay" "Thu May 04 20:48:57 +0000 2017" True
SciFiction "Here @PourBabyMobile working online on #SciFi and enjoying superb, delicious food!! :D #Eatery #Dinner #Work #ScienceFiction" "Wed May 03 23:25:40 +0000 2017" True
SciFiction "RT @teotu: The new French #scifi #TV series 'Missions' sounds intriguing. https://t.co/xcCyf1pW6b" "Wed May 03 00:12:37 +0000 2017" False
SciFiction "RT @70sscifiart: ""Our Dreams of Space Are Fueled by the Art of David A. Hardy"" @davidastrohardy https://t.co/Y0BgTp7R2i https://t.co/jaJoUI…" "Wed May 03 00:03:38 +0000 2017" False
SciFiction "RT @SPACEdotcom: Virgin Galactic's SpaceShipTwo Makes 1st Test Flight of Revamped Re-Entry System https://t.co/pyEA8dLdmM https://t.co/aY5h…" "Wed May 03 00:02:03 +0000 2017" False
SciFiction "RT @ManuIntiraymi: A Sci-Fi like @blackmirror but w/ heart &amp; hope &amp; like @AHSFX each season, a new tale, same cast. @TheCircuitMovie https:…" "Wed Apr 19 15:49:18 +0000 2017" False
SciFiction "Last day of @SW_Celebration we have very much enjoyed covering the event celebrating 40 years of all things @starwars @Reed_POP #SWCO2017" "Sun Apr 16 12:48:17 +0000 2017" True
SciFiction "At Day 3 of @SW_Celebration place is fully packed!!! Having a blast covering the event! :D @Reed_POP #SWCO https://t.co/GnbLmUNEyS" "Sat Apr 15 18:50:55 +0000 2017" True
SciFiction "Awesome @StarWars Boba Fett themed Astromech #Droid @SW_Celebration #SWCO https://t.co/q5aNrL2iZx" "Sat Apr 15 18:47:54 +0000 2017" True
SciFiction "Here at @StarWars Rebels panel @SW_Celebration with crew. Incredible energy in this room!! :D #SWCO https://t.co/HBq03F9PdW" "Sat Apr 15 18:44:10 +0000 2017" True
SciFiction "RT @starwars: May the Force be with you. #SWCO #StarWars40th https://t.co/10zZ4TXqpQ" "Fri Apr 14 02:42:08 +0000 2017" False
SciFiction "SciFiction's @owen_cotter with out of this galaxy @starwars #Rebels #Cosplayers at @SW_Celebration in Orlando #SWCO https://t.co/MkwExSvid6" "Thu Apr 13 18:29:17 +0000 2017" True
SciFiction "@AngusMacGold @realjimmyvee Would you guys be up for doing on camera interviews at celebration in orlando ? Thx! For retweets btw! :D #SWCO" "Wed Apr 12 21:45:00 +0000 2017" True
SciFiction "Heading to Orlando FL will be covering @SW_Celebration starting Tomorrow  @Reed_POP @GeeksGamersCom @AngusMacGold @realjimmyvee #SWCO" "Wed Apr 12 13:14:31 +0000 2017" True
SciFiction "RT @starwars: Lucasfilm's Doug Chiang traces the evolution of the U-wing from #RogueOne: A Star Wars Story. Now available on Blu-ray and Di…" "Sun Apr 09 03:51:05 +0000 2017" False
SciFiction "RT @teotu: This iconic French #comic is the unsung inspiration for your favourite #scifi blockbusters https://t.co/v5QUpGDOTk #movies #comi…" "Sun Apr 09 03:49:42 +0000 2017" False
SciFiction "RT @OmniReboot: ""The No-Kidding Coolest Planets in Science Fiction"" by @ScumHive https://t.co/nhy1VnuDhp" "Sun Apr 09 03:42:22 +0000 2017" False
SciFiction "RT @ParksAndCons: The @HipHopTrooper #WonderCon #cosplay parade https://t.co/6e9M7aIXRV" "Sun Apr 09 03:39:46 +0000 2017" False
SciFiction "RT @70sscifiart: humanoidhistory:

The USS Palomino cruises through space in preliminary Robert McCall production art for the Disne… https:…" "Sun Apr 09 03:31:52 +0000 2017" False
SciFiction "RT @DeadDriftShow: Dig original #scifi ? Like to #supportindiefilm ? check out Dead Drift: The Movie https://t.co/9mLyjvcaZJ #sciencefiction" "Sun Apr 09 03:31:00 +0000 2017" False
SciFiction "SciFiction will be @SW_Celebration next week in Orlando FL. @StarbaseAtlanta @Reed_POP @GeeksGamersCom @AngusMacGold @realjimmyvee #SWCO" "Sun Apr 09 03:26:28 +0000 2017" True
SciFiction "RT @HumanoidHistory: An Apollo lander on the Moon in Boeing concept art by John J. Olson. #space https://t.co/GaN8e1mCMn" "Mon Apr 03 20:46:10 +0000 2017" False
SciFiction "RT @starwars: The authors of @dkpublishing's Star Wars: The Visual Encyclopedia discuss creating the newest guide to the galaxy.
https://t.…" "Mon Apr 03 20:43:57 +0000 2017" False
SciFiction "RT @GeeksGamersCom: Joseph Freeman completes his trek through the Ghost in the Shell universe by reviewing the new movie! @GhostInShell htt…" "Mon Apr 03 20:42:13 +0000 2017" False
SciFiction "SciFiction will covering @SW_Celebration Apr 13-16th in Orlando FL. @StarbaseAtlanta @Reed_POP @GeeksGamersCom @AngusMacGold @realjimmyvee" "Sat Apr 01 04:54:39 +0000 2017" True
SciFiction "RT @SpacedockHQ: Spacedock pits Babylon 5's Starfury against Battlestar Galactica's Viper.
https://t.co/SrJJsSI9zD
#BattlestarGalactica #Ba…" "Sat Apr 01 04:37:46 +0000 2017" False
SciFiction "RT @teotu: There is an art and a science in making a believable #scifi #spaceship.  https://t.co/Ts5R3WgLXp" "Wed Mar 22 23:08:33 +0000 2017" False
SciFiction "RT @starwars: Who's the best droid character in Star Wars apart from C-3PO or R2-D2?https://t.co/ZPACb5VYcB https://t.co/GEwpqeNNU4" "Wed Mar 22 23:06:38 +0000 2017" False
SciFiction "Happy Birthday to @WilliamShatner the man, the myth, the legend!! 
#StarTrek #Actor #SciFi #Filmmaking #Writer #Books #CaptainKirk #Space" "Wed Mar 22 23:02:12 +0000 2017" True
SciFiction "@larrynemecek @owen_cotter @pensacolacomic 😊 Thx! Good talking with you!" "Sun Mar 19 02:52:32 +0000 2017" True
SciFiction "RT @larrynemecek: Hey! Great local #starTrek intv of me on the fly by @owen_cotter of @SciFiction at @pensacolacomic —thx! 
https://t.co/QV…" "Sun Mar 19 02:51:08 +0000 2017" False
SciFiction "SciFiction will covering @SW_Celebration Apr 13-16th in Orlando FL. we're going in, we're going in full throttle. :D @Reed_POP @RanchoObiWan" "Fri Mar 17 15:04:15 +0000 2017" True
SciFiction "RT @70sscifiart: David A. Hardy https://t.co/o9bTXkwE0l https://t.co/QTlvaEBaOY" "Thu Mar 16 20:20:13 +0000 2017" False
SciFiction "RT @OmniReboot: #WhenRobotsTakeOver the classic sci-fi robots of the past will come back to claim what's theirs. https://t.co/sGkfbzQJqY ht…" "Wed Mar 15 02:09:15 +0000 2017" False
SciFiction "RT @ZEFilms_STO: New @trekonlinegame ships are coming!  Fresh out of...Spacedock?Nah too big.. #STO Check out the new vid and ships!

https…" "Wed Mar 15 02:04:35 +0000 2017" False
SciFiction "SciFiction's interview with @THEKINGDMC via Facebook link.
@pensacolacomic #Comics #Music #Hiphop #Rock 

https://t.co/1jJ0nI1ggX" "Wed Mar 15 01:53:37 +0000 2017" True
SciFiction "RT @StarTrek: ICYMI A captain &amp; a cadet are added to the #StarTrekDiscovery cast. Welcome @jasonsfolly and @may_wise to #StarTrek https://t…" "Wed Mar 08 16:47:51 +0000 2017" False
SciFiction "RT @70sscifiart: Y-wing concept art by Ralph McQuarrie https://t.co/X9ZQDsdD9e https://t.co/XR1Xt5OGVF" "Wed Mar 08 16:47:11 +0000 2017" False
SciFiction "RT @johnrmangus: Thanks to Owen C. Cotter #coastcon40 #tenetnoctis at the Tenet Noctis trailer presentation. With Alex Eldimiati. https://t…" "Wed Mar 08 16:45:02 +0000 2017" False
SciFiction "@johnrmangus @1MichaelColeman Great seeing you guys this weekend, enjoyed dinner as well :)  @CoastConMS @OnceABC #Convention #Goodtimes" "Mon Mar 06 23:20:29 +0000 2017" True
SciFiction "That concludes our coverage of @CoastConMS We had a ton of fun!! :D @johnrmangus @TWIGradio @1MichaelColeman @QuestConvention #CoastCon40" "Sun Mar 05 23:53:04 +0000 2017" True
SciFiction "Excellent second day @CoastConMS Day 3 now! @johnrmangus @TWIGradio @odedfehr @Jason_B_Carter @1MichaelColeman @QuestConvention #CoastCon40" "Sun Mar 05 17:47:50 +0000 2017" True
SciFiction "About to watch the trailer &amp; footage for ""Tenet Noctis"" with @johnrmangus @TWIGradio @CoastConMS #CoastCon40 #Knights #medieval #Movies" "Sat Mar 04 18:59:55 +0000 2017" True
SciFiction "RT @SpacedockHQ: Spacedock takes a look at @trekonlinegame's Borg Unimatrix Command Ships.
https://t.co/I1I4CxEqXN" "Sat Mar 04 17:17:18 +0000 2017" False
SciFiction "Great first day @CoastConMS Day 2 begins! 
@johnrmangus @TWIGradio @odedfehr @Jason_B_Carter @1MichaelColeman @QuestConvention #CoastCon40" "Sat Mar 04 17:12:33 +0000 2017" True
SciFiction "SciFiction &amp; crew in route to #CoastCon40 See you there! :)
@CoastConMS @johnrmangus @TWIGradio @odedfehr @Jason_B_Carter @1MichaelColeman" "Fri Mar 03 17:36:07 +0000 2017" True
SciFiction "SciFiction will be covering @CoastConMS this weekend 
March 3-5th. Celebrating 40 years!! @johnrmangus @TWIGradio @Jason_B_Carter @odedfehr" "Fri Mar 03 05:26:52 +0000 2017" True
SciFiction "RT @SPACEdotcom: How SpaceX's 2018 Moon Flight Will Work https://t.co/uGsUGkGARF https://t.co/0fVzoALcWk" "Wed Mar 01 21:26:25 +0000 2017" False
SciFiction "RT @starwars: Mon Mothma asks the crew's help on her way to a crucial meeting. ""Secret Cargo"" airs Saturday at 8:30pm ET/PT on @DisneyXD. #…" "Wed Mar 01 21:24:30 +0000 2017" False
SciFiction "@hollywoodscifi @G_Nicotero Excellent video!! :) #Horror #SciFi #Props #Movies #Film" "Wed Mar 01 21:23:17 +0000 2017" True
SciFiction "@johnrmangus Looking forward to seeing it!! :D @TWIGradio @joearmory @timruss2 #Knights #Unity #Trailer #Film #medieval" "Wed Mar 01 20:51:55 +0000 2017" True
SciFiction "RT @teotu: The new #MST3K gets a release date and a full cast photo. https://t.co/PwLNXB2Ndd #scifi #tv" "Wed Mar 01 05:54:51 +0000 2017" False
SciFiction "RT @OmniReboot: ""Mind Blowing Alternate Reality Movies"" by @Danielle_Banner https://t.co/G7sA9uQU0E" "Tue Feb 28 22:08:13 +0000 2017" False
SciFiction "RT @70sscifiart: atomic-chronoscaph:

Star Wars: The Maverick Moon - art by Walter Wright (1979) https://t.co/CMaWGAfTZj https://t.co/KgbwM…" "Tue Feb 28 22:06:35 +0000 2017" False
SciFiction "@CoastConMS Looking forward to covering this weekend's event. See you all there!! :D @johnrmangus @TWIGradio @odedfehr @PinkHeartFunds1" "Tue Feb 28 22:06:00 +0000 2017" True
SciFiction "@canva Good to hear you are working on getting things back up and running. :)" "Tue Feb 28 19:02:23 +0000 2017" True
SciFiction "Last day covering @Pensacon having a blast! :D @StarbaseAtlanta @RealSamJJones @BFlameCreations @DrewsDelorean @jdfffn @SeanAstin @TWIGradio" "Sun Feb 19 17:44:03 +0000 2017" True
SciFiction "Having a great time at Day 2 of @Pensacon @StarbaseAtlanta @RealSamJJones @BFlameCreations @DrewsDelorean @jdfffn @SeanAstin @TWIGradio" "Sat Feb 18 22:10:44 +0000 2017" True
SciFiction "@BFlameCreations Thanks for the kind words! Always enjoy checking out your creations. :)" "Sat Feb 18 15:51:21 +0000 2017" True
SciFiction "Our crew had an excellent time @PLTPCC #shortfilm festival tonight @Pensacon lots of super cool #SciFi #Horror #Superhero #Films #Cyberpunk" "Sat Feb 18 04:33:29 +0000 2017" True
SciFiction "@DrewsDelorean Excellent running into you today man!! :D @Pensacon 
@BacktotheFuture @TheClaudiaWells #Timemachine #BTTF #DeLorean #Car" "Fri Feb 17 23:31:40 +0000 2017" True
SciFiction "@BFlameCreations Good seeing you again my friend! :) @Pensacon #steampunk #PopCulture" "Fri Feb 17 23:28:47 +0000 2017" True
SciFiction "@RealSamJJones Nice seeing you again today! :) @Pensacon @lifeafterflash #FlashGordon #Acting #Conventions" "Fri Feb 17 22:18:23 +0000 2017" True
SciFiction "@QuestConvention Great seeing you today!! :D #Gaming #Conventions #PopCulture" "Fri Feb 17 22:16:42 +0000 2017" True
SciFiction "Excellent first day of @Pensacon superb turnout!!!! @jdfffn @StarbaseAtlanta @JeremyPalko @TWIGradio @BFlameCreations @QuestConvention" "Fri Feb 17 22:15:14 +0000 2017" True
SciFiction "SciFiction will be covering @Pensacon in Pensacola FL this weekend 
Feb 17-19th. @weartv @StarbaseAtlanta @darthbiebs @JeremyPalko @jdfffn" "Thu Feb 16 17:51:40 +0000 2017" True
SciFiction "@ScottBakula joins https://t.co/alzJvErObX @WilliamShatner @SirPatStew @StarTrek @NCISNewOrleans @trekcontinues… https://t.co/nGIEuhwhJo" "Tue Feb 14 20:53:12 +0000 2017" True
SciFiction "RT @SpacedockHQ: Cool new Trekyards: Datafile format over on @trekyards go check it out. :D
https://t.co/Z46yIIP7b3" "Mon Feb 13 22:02:38 +0000 2017" False
SciFiction "RT @starwars: Sabine returns home with the Darksaber in a new #StarWarsRebels. ""Legacy of Mandalore"" airs this Saturday at 8:30pm ET/PT on…" "Mon Feb 13 22:02:11 +0000 2017" False
SciFiction "SciFiction's @owen_cotter with superb G.I. Joe Snake Eyes #Cosplayer 
@WizardWorld @CONtvChannel #YoJoe… https://t.co/aua4WU24aR" "Mon Feb 13 21:59:43 +0000 2017" True
SciFiction "SciFiction's @owen_cotter with incredible @Iron_Man statue!! :D
@WizardWorld @CONtvChannel @TWIGradio @johnrmangus… https://t.co/8uwsYHpdvt" "Mon Feb 13 21:53:18 +0000 2017" True
SciFiction "RT @glxp: Infographic: the five teams racing for the Moon...and $30 million in prizes: https://t.co/eG1c8Nf00D #GLXP @futurism" "Mon Feb 13 21:44:19 +0000 2017" False
SciFiction "RT @teotu: We are truly living in a golden age. Watch #planets orbit a star 129 light-years away. https://t.co/7mgYcZU9ug #astronomy" "Wed Feb 08 00:52:58 +0000 2017" False
SciFiction "RT @70sscifiart: martinlkennedy:

Painting by Ed Valigursky for Popular Mechanics (1985). From the book Vis… https://t.co/bBcb2F7jon https:…" "Wed Feb 08 00:50:45 +0000 2017" False
SciFiction "Actor Richard Hatch who played Cpt.Apollo &amp; Tom Zarek in #BSG has passed. You will be missed greatly! #SoSayWeAll https://t.co/eP9OFMBsM9" "Wed Feb 08 00:48:06 +0000 2017" True
SciFiction "@neftimiades @JimArrowood2 @scifitalk @scifidiner Thanks for sharing! :D" "Mon Jan 30 04:07:16 +0000 2017" True
SciFiction "RT @StarTrek: #StarTrek50Art is beaming to @ChabotSpace Feb. 3-19! https://t.co/KiNTusCxbt #StarTrek #StarTrek50 https://t.co/lH3lHE41Om" "Sun Jan 29 20:11:29 +0000 2017" False
SciFiction "Behind the scenes: on camera interview with @RealSamJJones @WizardWorld @CONtvChannel @lifeafterflash #FlashGordon https://t.co/YkjxBGwG7d" "Sun Jan 29 20:07:16 +0000 2017" True
SciFiction "Behind the scenes: with @BacktotheFuture #DeLorean builder &amp; @TEAMFOX supporter Oliver Holler @WizardWorld #NOLA https://t.co/1EZ8Q3Fsrk" "Sun Jan 29 20:04:35 +0000 2017" True
SciFiction "RT @HumanoidHistory: A future #space station, with an impressive garden, illustrated in a 1962 Soviet #science encyclopedia. https://t.co/q…" "Sun Jan 29 19:59:39 +0000 2017" False
SciFiction "SciFiction's @owen_cotter interviews #FlashGordon actor @RealSamJJones @WizardWorld @CONtvChannel @lifeafterflash https://t.co/63hckmtWrR" "Sun Jan 29 19:55:07 +0000 2017" True
SciFiction "@QuestConvention @Pensacon Will do see you there! :)" "Sun Jan 29 19:49:30 +0000 2017" True
SciFiction "SciFiction &amp; crew will be covering @Pensacon Feb 17-19th in Pensacola FL
@RealSamJJones @darthbiebs @johnnyyongbosch @weartv @pcolabaycenter" "Thu Jan 26 22:55:34 +0000 2017" True
SciFiction "RT @ManuIntiraymi: Hey Star Trek Family - let Ur friends know @manuintiraymi is on twitter &amp; bringing you new sci-fi this year @5thPassenge…" "Wed Jan 18 05:00:39 +0000 2017" False
SciFiction "Montage of @WizardWorld #Nola ! :D
@CONtvChannel @RookerOnline @RealSamJJones @GeneseDavis @TEAMFOX @BacktotheFuture https://t.co/nOk1yzwLXF" "Wed Jan 18 01:41:59 +0000 2017" True
SciFiction "Interview with Trading card and #comicbook artist @JaysonKretzer 
@Pensacon @toppscards #CardGames #Artwork #Books 

https://t.co/MKrxgStFXj" "Sun Jan 15 20:48:32 +0000 2017" True
SciFiction "SciFiction Founder @owen_cotter will be on the scene @QuestConvention annual #Cosplay contest tonight at 7:30 PM (CST) at Alchemy. #Gaming" "Sun Jan 15 01:11:18 +0000 2017" True
SciFiction "@jdfffn Our crew will be on location @Pensacon" "Tue Jan 10 06:48:17 +0000 2017" True
SciFiction "@RealSamJJones Enjoyed our interview! @WizardWorld #NOLA #FlashGordon #WizardWorldNOLA @CONtvChannel #SciFi" "Tue Jan 10 02:24:09 +0000 2017" True
SciFiction "@TWIGradio Great seeing you guys @WizardWorld #NOLA !
#WizardWorldNOLA" "Tue Jan 10 02:20:52 +0000 2017" True
SciFiction "RT @SPACEdotcom: How New Hubble Telescope Views Could Aid Interstellar Travel https://t.co/ZqgiGswqis https://t.co/9wrVZaW60i" "Tue Jan 10 02:19:00 +0000 2017" False
SciFiction "RT @sewell7: The day Doctor Who changed face – and transformed TV for ever https://t.co/SptjkwEFXM #DoctorWho" "Tue Jan 10 02:17:56 +0000 2017" False
SciFiction "RT @OmniReboot: ""Best Pulp Sci-Fi Books"" by Arnold Seleskey https://t.co/gu48BmJ5zk" "Tue Jan 10 02:04:08 +0000 2017" False
SciFiction "Excellent Day 3 of @WizardWorld #NOLA This concludes our coverage. We had a blast @RookerOnline @RealSamJJones  @TWIGradio #WizardWorldNOLA" "Sun Jan 08 21:40:11 +0000 2017" True
SciFiction "@RepublicNOLA @WizardWorld Our crew is here! #EDM #Techno #Music  #Dance #party #WizardWorldNOLA @the13thwhorld @CONtvChannel @RookerOnline" "Sun Jan 08 04:11:25 +0000 2017" True
SciFiction "@RepublicNOLA @Wizardworld #party #WizardWorldNOLA @the13thwhorld @KodyChamberlain @CONtvChannel @RookerOnline @TWIGradio @RealSamJJones" "Sun Jan 08 04:09:39 +0000 2017" True
SciFiction "Great Scott! SciFiction's @owen_cotter in @BacktotheFuture #DeLorean @WizardWorld #NOLA @TEAMFOX @CONtvChannel… https://t.co/mBH1bcxnbv" "Sat Jan 07 21:48:53 +0000 2017" True
SciFiction "@WizardWorld #NOLA on stage now @RookerOnline @seangunn &amp; @DaveBautista @CONtvChannel  #WizardWorldNOLA #Marvel @Guardians #Convention" "Sat Jan 07 19:07:55 +0000 2017" True
SciFiction "@the13thwhorld Great seeing you man! Enjoyed our interview! :) #Art #Comics #DC #Marvel" "Sat Jan 07 18:35:33 +0000 2017" True
SciFiction "Day 2 of @WizardWorld #NOLA begins now!! @CONtvChannel @TWIGradio @EvilGeiger @RookerOnline @KodyChamberlain @RealSamJJones #Wizardworldnola" "Sat Jan 07 17:04:37 +0000 2017" True
SciFiction "Superb first day of @WizardWorld #NOLA Day 2 coming up!!@CONtvChannel @TWIGradio @EvilGeiger @RookerOnline @KodyChamberlain @RealSamJJones" "Sat Jan 07 09:15:10 +0000 2017" True
SciFiction "@neftimiades @dconspacetrack @scifidiner @JimArrowood2 Most fascinating!! Thx for sharing this! :D" "Sat Jan 07 07:02:05 +0000 2017" True
SciFiction "RT @neftimiades: The cosmic event of our lives: See a Star Explode in 2022 @SciFiction @dconspacetrack @scifidiner @JimArrowood2  https://t…" "Sat Jan 07 07:01:14 +0000 2017" False
SciFiction "Great Scott! SciFiction's @owen_cotter in @BacktotheFuture #DeLorean @WizardWorld #NOLA @TEAMFOX @CONtvChannel… https://t.co/0HPrfPANjJ" "Sat Jan 07 01:58:35 +0000 2017" True
SciFiction "Day 1 of @WizardWorld Starts now!!@CONtvChannel @TWIGradio @EvilGeiger @RookerOnline @KodyChamberlain @RealSamJJones @LarryDWilcox" "Fri Jan 06 23:43:58 +0000 2017" True
SciFiction "Arrived in #NOLA Tomorrow @WizardWorld Starts! @CONtvChannel @TWIGradio @EvilGeiger @RookerOnline @KodyChamberlain @RealSamJJones" "Thu Jan 05 23:08:03 +0000 2017" True
SciFiction "@RealSamJJones @WizardWorld @CONtvChannel @TWIGradio @EvilGeiger @RookerOnline @KodyChamberlain Good stuff we should do an interview! :)" "Thu Jan 05 19:15:49 +0000 2017" True
SciFiction "In route to #NOLA for this weekends @WizardWorld @CONtvChannel @TWIGradio @EvilGeiger @RookerOnline @KodyChamberlain @RealSamJJones" "Thu Jan 05 16:35:38 +0000 2017" True
SciFiction "RT @teotu: Check out this list of top #scifi novels from the Golden Age, defined as being from 1934–1963. https://t.co/sQhBJYsSJ4" "Wed Jan 04 00:33:52 +0000 2017" False
SciFiction "RT @Marvel: Luke Skywalker returns to his roots one again in the latest #StarWars Spotlight: https://t.co/fWy5CDTrlJ https://t.co/z5YoLlytwY" "Wed Jan 04 00:33:00 +0000 2017" False
SciFiction "We will be @WizardWorld #NOLA this weekend @CONtvChannel @TWIGradio @EvilGeiger @RookerOnline @LarryDWilcox @KodyChamberlain @RealSamJJones" "Mon Jan 02 20:58:57 +0000 2017" True
SciFiction "RT @tordotcom: We're celebrating Isaac Asimov's 97th birthday with some reading recommendations from the man himself: https://t.co/3WGRs2HL…" "Mon Jan 02 20:55:11 +0000 2017" False
SciFiction "RT @70sscifiart: Nikolai Kolchitsky https://t.co/sBUVq394C4 https://t.co/vtF5Ty0FkS" "Sat Dec 31 19:03:12 +0000 2016" False
SciFiction "@KodyChamberlain @WizardWorld @CONtvChannel Likewise! :)" "Sat Dec 31 18:52:25 +0000 2016" True
SciFiction "SciFiction's @owen_cotter with Director @timruss2 on location filming 
""Tenet Noctis"". @johnrmangus @joearmory… https://t.co/QBtO48KArN" "Sat Dec 31 18:43:26 +0000 2016" True
SciFiction "Next weekend we will be covering @WizardWorld #NOLA @CONtvChannel @TWIGradio @EvilGeiger @RookerOnline @LarryDWilcox @KodyChamberlain" "Sat Dec 31 18:34:27 +0000 2016" True
SciFiction "Excellent first day filming 
""Tenet Noctis"" Day 2 begins!! with @johnrmangus @timruss2 @joearmory @TWIGradio #Knights #Unity #Film" "Thu Dec 29 15:06:28 +0000 2016" True
SciFiction "@neftimiades @dconspacetrack @astronomy @astroengine Most interesting!! Thx for sharing! :)" "Thu Dec 29 14:38:57 +0000 2016" True
SciFiction "@johnrmangus Looking forward to filming Tenet Noctis this coming week! @timruss2 @joearmory @TWIGradio #Knights #Unity #Film #Movies" "Sun Dec 25 02:00:52 +0000 2016" True
SciFiction "#RogueOne  most enjoyable!! Great film! :D @RogueOne2016 @chrisweitz @diegoluna_ @ForestWhitaker @AlanTudyk @rizmc @johnrmangus @DonnieYenCT" "Mon Dec 19 02:13:49 +0000 2016" True
SciFiction "About to view #RogueOne a #StarWars story! @RogueOne2016 @chrisweitz @diegoluna_ @ForestWhitaker @AlanTudyk @rizmc @m_giacchino @DonnieYenCT" "Sun Dec 18 22:31:54 +0000 2016" True
SciFiction "RT @marsrader: How #ISS opens and shuts its cupola shutters (to protect the windows from micrometeoroids and orbital debris). https://t.co/…" "Sat Dec 17 02:08:01 +0000 2016" False
SciFiction "RT @teotu: Is Chinese science fiction the future of #scifi? https://t.co/xs8yfaFrPX" "Fri Dec 16 07:32:51 +0000 2016" False
SciFiction "RT @starwars: Welcome to #RogueOne. Tickets: https://t.co/qFsOOgTicR https://t.co/2B2gyB6z1D" "Fri Dec 16 07:29:46 +0000 2016" False
SciFiction "@neftimiades @JimArrowood2 @scifidiner @scifitalk Super cool!! Thx so much for sharing Nick! :)" "Fri Dec 16 07:25:10 +0000 2016" True
SciFiction "Our discussion with @SilverPhoenixCM &amp; crew about their awesome #SciFi board game (Off World Digs)! @FANdomCon 

https://t.co/IZOld11i3L" "Fri Dec 16 07:21:50 +0000 2016" True
SciFiction "@johnrmangus Excited! Looking forward to it! 😃 #Knights #Film" "Fri Dec 16 01:33:07 +0000 2016" True
SciFiction "RT @johnrmangus: Time to go Rogue!" "Fri Dec 16 01:31:43 +0000 2016" False
SciFiction "Please ""Follow"" our new channel on Twitch! :D 
https://t.co/stXCvBVMxU 

@ChiclyGeek @8BitCentral @ausretrogamer @billybrooks @johnrmangus" "Thu Dec 15 19:33:14 +0000 2016" True
SciFiction "RT @70sscifiart: thevaultofretroscifi:

Franz Vohwinkel https://t.co/lspQJt0dzb https://t.co/T9qONRapRT" "Thu Dec 15 01:07:24 +0000 2016" False
SciFiction "RT @Forbes: Remembering John Glenn, iconic astronaut and former U.S. senator: https://t.co/aNy1Sjroxy https://t.co/Sa3q54vQrZ" "Fri Dec 09 23:45:32 +0000 2016" False
SciFiction "RT @OmniReboot: ""The Mightiest Motion Picture of Them All"" By Cory Gross
 https://t.co/kD3WcruBlW" "Sun Dec 04 20:45:27 +0000 2016" False
SciFiction "“You contain the spark that will rekindle the fire.” -Luke Skywalker 

@HamillHimself @johnrmangus @billybrooks @Zordon2012 @neftimiades" "Fri Dec 02 17:12:30 +0000 2016" True
SciFiction "RT @hollywoodscifi: Boba Fett's first appearance surfaces in lost #StarWars video
https://t.co/8x8ecNV4Fh" "Sun Nov 27 06:05:39 +0000 2016" False
SciFiction "RT @teotu: Perfect for this era of e-readers, Tor wants to bring back the #scifi novella.  https://t.co/eTWx7pbVi5" "Sun Nov 27 06:01:43 +0000 2016" False
SciFiction "RT @SciFi4Me: Two Early #MST3K Lost Episodes Recovered https://t.co/WZ30O6rSzb https://t.co/IFHwV23K0r" "Sun Nov 27 05:59:04 +0000 2016" False
SciFiction "@neftimiades @dconspacetrack @astro_oz @scifidiner @JimArrowood2 Agreed! Space the final frontier! :D #Space #Exploration" "Wed Nov 23 18:03:53 +0000 2016" True
SciFiction "@neftimiades @JimArrowood2 @scifidiner @scifitalk Out of this world awesome! Thx for sharing this! :)" "Wed Nov 23 18:02:21 +0000 2016" True
SciFiction "RT @neftimiades: NASA's EM Drive: Could it be true? #scifi fans take note: https://t.co/B3jysak8Ud @JimArrowood2 @SciFiction @scifidiner @s…" "Wed Nov 23 18:01:30 +0000 2016" False
SciFiction "SciFiction's @owen_cotter interviews legendary #SciFi writer #BenBova 
@OmniReboot @CONtraflowSciFi 
#Books #Mars… https://t.co/dIRPYWOOdQ" "Wed Nov 23 17:59:49 +0000 2016" True
SciFiction "RT @PopSci: Status Report: 7 'Star Trek' Technologies Under Development https://t.co/F2bT7gViNY https://t.co/bDWTbHvnDv" "Fri Nov 18 05:47:58 +0000 2016" False
SciFiction "RT @starwars: Go inside the daring mission to steal the Death Star's plans in this new #RogueOne featurette. https://t.co/iJSLxNQMbd" "Fri Nov 18 05:44:27 +0000 2016" False
SciFiction "SciFiction's @owen_cotter with superb #Cosplayer @FANdomCon 
#Anime #SciFi #Fantasy #Convention https://t.co/sVSjnnrDrn" "Fri Nov 18 05:41:15 +0000 2016" True
SciFiction "RT @70sscifiart: Antonio Bernal https://t.co/cDtxcAA2an https://t.co/2z0E0THlqd" "Fri Nov 18 04:30:35 +0000 2016" False
SciFiction "Just finished viewing @arrivalmovie at @crescenttheater Absolutely excellent film, very imaginative!! 
#SciFi… https://t.co/GFzP64lAzf" "Fri Nov 18 02:13:14 +0000 2016" True
SciFiction "Here about to view the #SciFi film @arrivalmovie @crescenttheater #ScienceFiction" "Fri Nov 18 00:03:13 +0000 2016" True
SciFiction "RT @johnrmangus: Help make it happen for Tenet Noctis pitch trailer on @indiegogo https://t.co/j9mjZo0ffX" "Mon Nov 14 18:16:37 +0000 2016" False
SciFiction "RT @QuestConvention: @SciFiction @FANdomCon 
Likewise brother :)" "Mon Nov 14 18:16:19 +0000 2016" False
SciFiction "@QuestConvention Good seeing you this weekend at @FANdomCon :)
#Popculture #Gaming #Anime #Scifi" "Mon Nov 14 17:44:13 +0000 2016" True
SciFiction "@Ball00nManX Great seeing you again man! @FANdomCon #Anime #Scifi #Convention #PopCulture" "Sun Nov 13 22:52:42 +0000 2016" True
SciFiction "That concludes our coverage of @Fandomcon We had an great time, see you next year! @EvilSteveGeiger @AlienActor @eric_stuart @Ball00nManX" "Sun Nov 13 22:50:51 +0000 2016" True
SciFiction "Last day of @Fandomcon Been an excellent event! Thanks to everyone who stopped by our booth. :)
@KristenHughey @EvilSteveGeiger @AlienActor" "Sun Nov 13 17:08:00 +0000 2016" True
SciFiction "@Fandomcon listening to the very talented @djryudo #Trance #Music #Progressive @KristenHughey @Ball00nManX @EvilSteveGeiger @AlienActor" "Sun Nov 13 03:08:37 +0000 2016" True
SciFiction "RT @OmniReboot: Animation isn't just for kids. https://t.co/Sv0fiKlibo" "Sat Nov 12 18:33:37 +0000 2016" False
SciFiction "RT @HumanoidHistory: A Turkish poster for Stanley Kubrick’s 2001: A SPACE ODYSSEY, featuring the classic #scifi art of Robert McCall. https…" "Sat Nov 12 18:28:45 +0000 2016" False
SciFiction "@Pensacon Nice catching up today with you guys at @FANdomCon :)
#Popculture #Convention #Fandom" "Sat Nov 12 18:27:15 +0000 2016" True
SciFiction "Day Two of @FANdomCon begins with @KristenHughey @Ball00nManX @AlienActor @eric_stuart @EvilSteveGeiger #Anime #Scifi #convention" "Sat Nov 12 17:49:14 +0000 2016" True
SciFiction "SciFiction's @Owen_Cotter Set up at @Fandomcon in Fort Walton beach at @EmeraldCoastCC Excellent first day! :)… https://t.co/eKeEtde9Yu" "Fri Nov 11 22:19:42 +0000 2016" True
SciFiction "RT @ScienceChannel: NASA engineers use the ""Scarecrow"" rover to test mobility performance for Curiosity! https://t.co/Yx1oZkdeuR https://t.…" "Fri Nov 11 22:03:54 +0000 2016" False
SciFiction "Here at Day one of @FANdomCon with @KristenHughey @Ball00nManX @AlienActor @eric_stuart @EvilSteveGeiger #Anime #Scifi #convention" "Fri Nov 11 16:52:23 +0000 2016" True
SciFiction "RT @teotu: Take this stunning fly-through of the International Space Station, filmed in Ultra High Definition. https://t.co/9iIiJZI3lT" "Wed Nov 09 22:57:19 +0000 2016" False
SciFiction "@KristenHughey @EvilSteveGeiger @Ball00nManX @AlienActor @eric_stuart See you all @FANdomCon this weekend! :) 
#Anime #Scifi #Fandom #Comics" "Wed Nov 09 22:53:10 +0000 2016" True
SciFiction "This weekend is @FANdomCon    Nov 11-13th Stop by our area at Con &amp; say hi! :) @KristenHughey @EvilSteveGeiger @Ball00nManX @AlienActor" "Wed Nov 09 22:45:27 +0000 2016" True
SciFiction "RT @SPACEdotcom: Astronaut Don Pettit's 'Spaceborne' Offers Other-Worldly Look at Earth https://t.co/FrZ9G7NWIT https://t.co/xOdbVqswhm" "Mon Nov 07 22:30:48 +0000 2016" False
SciFiction "@johnrmangus Looking forward to working with you on Tenet Noctis. :)
@timruss2 #Knights #Film" "Mon Nov 07 19:30:44 +0000 2016" True
SciFiction "RT @OmniReboot: Crazy artist, mad scientist—same difference. https://t.co/HR7JaLpGkf #MusicMonday" "Mon Nov 07 19:28:31 +0000 2016" False
SciFiction "We will be on location @FANdomCon Nov 11-13th Stop by our area on Con floor and say hi! :) @KristenHughey @EvilSteveGeiger @Ball00nManX" "Sun Nov 06 00:54:50 +0000 2016" True
SciFiction "SciFiction's @owen_cotter &amp; crew will be covering @FANdomCon Nov 11-13th @AlienActor @KristenHughey @EvilSteveGeiger @Ball00nManX #Fandom" "Thu Nov 03 20:05:17 +0000 2016" True
SciFiction "RT @70sscifiart: William K Hartmann https://t.co/CF36ZWA1tm https://t.co/OVqbYwjBch" "Mon Oct 31 22:45:55 +0000 2016" False
SciFiction "RT @teotu: The world needs more indigenous science fiction. https://t.co/fAiZ5muNcm #scifi" "Mon Oct 31 22:43:28 +0000 2016" False
SciFiction "@AsgardiaSpace Make it so!! :) @RodRoddenberry @sherylmandel  @ManuIntiraymi @Zordon2012 @sonnetrealm… https://t.co/b8LvAe67Y3" "Mon Oct 31 19:28:01 +0000 2016" True
SciFiction "RT @ManuIntiraymi: Off 2 talk 2 @RealStanLee  @StanLeeComicCon 2 ask him 2 join @TheCircuitMovie retweet if he's the guy 4 this show. @Ryan…" "Sun Oct 30 20:29:26 +0000 2016" False
SciFiction "SciFiction's @owen_cotter  interviews Actress @ciarahanna20 
@pensacolacomic 
@PowerRangers @RangerBoard @Zordon2012 https://t.co/jjJZD3p3YV" "Sun Oct 30 16:44:00 +0000 2016" True
SciFiction "@neftimiades @scifidiner @scifitalk @JimArrowood2 @Indie_SciFi Most Impressive! Thx for sharing! :)" "Mon Oct 24 22:14:30 +0000 2016" True
SciFiction "@neftimiades @scifidiner @scifitalk Woah! Now thats futuristic for sure! Thx for sharing!! :) #Futurism #Technology #French #Electric" "Thu Oct 06 17:11:27 +0000 2016" True
SciFiction "RT @BattlestarRaven: Check out my post! -SciFiction.com Interview of Battlestar Raven -BFC 002 Leslie Willis - @DragonCon @SciFiction  http…" "Thu Oct 06 17:09:57 +0000 2016" False
SciFiction "Oct 2 3PM CDT @CONtraflowSciFi SciFiction's @owen_cotter is on the #Podcasting panel. If your in the #NOLA area feel free to check it out!" "Sat Oct 01 20:38:41 +0000 2016" True
SciFiction "Tonight at 6pm CDT we will be at the #History of OMNI #magazine panel hosted by Author @BenBova @OmniReboot #Scifi #Science #Futurism" "Sat Oct 01 20:35:19 +0000 2016" True
SciFiction "SciFiction's @owen_cotter &amp; crew here at Day 2 of @CONtraflowSciFi Having a blast at this Excellent event!
#SciFi #Fantasy #Literary #Fandom" "Sat Oct 01 20:33:14 +0000 2016" True
SciFiction "RT @OmniReboot: My God, it's full of stars! https://t.co/eLPhMRg3n6 #space #universe #facts" "Fri Sep 30 20:30:11 +0000 2016" False
SciFiction "SciFiction's @owen_cotter &amp; crew have arrived at @CONtraflowSciFi @johnrmangus #Scifi #Fantasy #Literature #Books" "Fri Sep 30 20:29:13 +0000 2016" True
SciFiction "SciFiction's @owen_cotter &amp; crew in route to @CONtraflowSciFi event! See you all soon! &amp; @johnrmangus  #Scifi #Fantasy#Literary #Books" "Fri Sep 30 17:21:49 +0000 2016" True
SciFiction "SciFiction's @owen_cotter &amp; crew will be covering @CONtraflowSciFi this coming weekend Sept 30th-Oct 2nd. See you there!!! #Scifi #Fantasy" "Tue Sep 27 03:31:58 +0000 2016" True
