NatachiMikotsu "He looks a little like Suga (H!) but scarier... #drawing #digital #sugawara #Haikyuu #indieartblast https://t.co/fP3GpdfpBu" "Sun May 21 15:40:49 +0000 2017" True
NatachiMikotsu "I’m pretty sure that I’m seeing a female Jesus Christ here! #BokuNoHeroAcademia #ibarashiozaki https://t.co/X7fPYYRpr7" "Sun May 21 00:55:09 +0000 2017" True
NatachiMikotsu "I don't know when I will finish coloring this... #fanart #digital #OC #dragonage #artwork #elianaamell… https://t.co/Wt700n4DLb" "Mon May 15 13:00:15 +0000 2017" True
NatachiMikotsu "I changed the style of shading and now her skin finally looks healthy! #digital #artwork #drawing #indieartblast… https://t.co/52kGEhxcNJ" "Mon May 15 12:56:21 +0000 2017" True
NatachiMikotsu "Odnośnie Boku no Hero Academia (My Hero Academia) - naprawdę warto. Midoriya jest inny niż reszta bohaterów shounen… https://t.co/xipRfJzHwZ" "Mon May 08 17:54:52 +0000 2017" True
NatachiMikotsu "@bukai852 Serio są jeszcze fani, co nie oglądają innych anime? Bo jeżeli widzieli np. Muminki, to średnio to widzę. https://t.co/7RQFzAUVxV" "Mon May 08 17:37:25 +0000 2017" True
NatachiMikotsu "Natachi looks so cute because of this new shading style and shinings. #natachimikotsu #OC #Naruto #drawing #artwork… https://t.co/glrZLqE4KL" "Fri May 05 21:05:00 +0000 2017" True
NatachiMikotsu "I decided to experiment with old picture. Don't worry, her leg is there, but behind the thigh. #Digital #artwork… https://t.co/gXHVVePgkK" "Fri May 05 21:01:58 +0000 2017" True
NatachiMikotsu "Of course if we assume that ""mortal"" = ""the every single form of mortal life, not only humans or humanoids"".… https://t.co/MGu3zrs5i3" "Sun Apr 16 16:58:38 +0000 2017" True
NatachiMikotsu "Considering the fact that in 7th Universe is only 28 planet with life on 'em, then I'm not suprised that poachers c… https://t.co/UX1QkM0lOJ" "Sun Apr 16 16:50:57 +0000 2017" True
NatachiMikotsu "Considering the fact that in 7th Universe is only 28 planet with life on 'em, then I'm not suprised that poachers came to Earth @bukai852" "Sun Apr 16 16:48:50 +0000 2017" True
NatachiMikotsu "I wanted to train using brush in PTS... and that's what happened xD #drawing #paintoolsai #artwork #digitalart https://t.co/dQyfNdH0fQ" "Sat Apr 15 23:43:39 +0000 2017" True
NatachiMikotsu "@bukai852 OH! MY! GOD! Vegeta is worried! #Vegeta #DragonBallSuper #Bra https://t.co/ODIOymq4nV" "Sun Mar 26 13:14:56 +0000 2017" True
NatachiMikotsu "I dunno what I should expect from it... #DragonAge #DragonAge4 https://t.co/g6rwLdM9uO" "Thu Jan 26 22:07:29 +0000 2017" True
NatachiMikotsu "@bukai852 https://t.co/mluBpd1UmD" "Sun Jan 22 13:58:29 +0000 2017" True
NatachiMikotsu "Raditz missed again. I assume that #Goku and #Kuririn don't considere him as an enemy. But why? It's so suspicious.… https://t.co/08hYAfzyUD" "Sun Jan 22 13:57:51 +0000 2017" True
NatachiMikotsu "The best wife ever! #DragonBallSuper #C18 #Maron https://t.co/mQPH1vfKAb" "Sun Jan 22 13:45:43 +0000 2017" True
NatachiMikotsu "I really can’t… xD I had to do it! #DragonAge #ArchontRadonis #asgardian #Heimdall #crossover #magekiller… https://t.co/IWc1viXYNH" "Fri Jan 20 12:34:16 +0000 2017" True
NatachiMikotsu "#GermanDeathCamps #GermanNotPolish #Poland #UnitedStates #dontmakesuchmistake https://t.co/wCoYz4j8f8" "Wed Jan 18 07:38:01 +0000 2017" True
NatachiMikotsu "Great turtle is haunting me! https://t.co/jisyHDO2Re" "Sun Jan 15 09:52:02 +0000 2017" True
NatachiMikotsu "@bukai852 Znalazłam tyle błędów w swoich tomikach, że aż miałam ochotę do nich napisać i zgłosić się na edytora. Bo to po prostu wstyd." "Sun Jan 15 09:48:09 +0000 2017" True
NatachiMikotsu "@bukai852 Są tylko wskazówki, że z Yato jest coś nie tak. I ja osobiście najbardziej chcę się dowiedzieć, o co chodzi z tym jego powstaniem." "Sun Jan 15 09:47:23 +0000 2017" True
NatachiMikotsu "@bukai852 Nie każdemu Noragami musi się podobać, ale wg. mnie za fenomen odpowiada tajemnica narodzin Yato, czego nie ma jeszcze w anime." "Sun Jan 15 09:46:33 +0000 2017" True
NatachiMikotsu "To jest doprawdy podejrzane. Nie róbcie z Gohana SSJ Blue! Jako Mystic Warrior Gohan nie potrzebuje poziomów mocy.… https://t.co/xvSYsjzUQw" "Sun Jan 15 09:43:39 +0000 2017" True
NatachiMikotsu "Did Gohan reduce himself from Mystic Warrior to SSJ? Why? Mystic Warrior is a lot better. I don't want to see Blue… https://t.co/q0y30ZNLSf" "Sun Jan 15 09:41:40 +0000 2017" True
NatachiMikotsu "I screwed up the hair but whatever :) #drawing #artwork #originalart #IndieArtBlast #myart #Pencildrawing #sketch https://t.co/cCxfnOqHVt" "Fri Jan 13 23:32:42 +0000 2017" True
NatachiMikotsu "#drawing #myart #originalartwork #artwork #handsstillawful #IndieArtBlast #DragonAgeOrigins #DragonAge #fanart… https://t.co/R92KkTmFDC" "Sat Jan 07 01:39:59 +0000 2017" True
NatachiMikotsu "Today is a good day to remaster your awful pics &lt;3 https://t.co/FOjxYyKpVz" "Sat Jan 07 01:37:55 +0000 2017" True
NatachiMikotsu "When I draw full body I’m unable to create a pretty face. I wonder why…? #drawing #originalart #artwork… https://t.co/DUsEiVDK0u" "Sat Dec 31 18:13:02 +0000 2016" True
NatachiMikotsu """Dad's a new champion"" - said woman to her daughter, who wore red hat. Wait a minute... #SERENA? Holy crap! https://t.co/AnO80GMB0y #Pokemon" "Fri Dec 23 18:39:45 +0000 2016" True
NatachiMikotsu """Humans are social creatures"" - According to the research done by cultural theorists, people cannot exists... https://t.co/4ZV6d7awIr" "Thu Dec 22 13:50:03 +0000 2016" True
NatachiMikotsu "I'm descibed as #antisocial person but... https://t.co/lfOGEnW81D" "Wed Dec 21 22:08:30 +0000 2016" True
NatachiMikotsu "I just realized that the ep 20th of #SwordArtOnline titled #SleepingKnights (perhaps) refers to the #Polishlegend of the sleeping knights." "Wed Dec 21 08:10:16 +0000 2016" True
NatachiMikotsu "I like to think that #Gintoki from #Gintama had a hard life as a child. Gintoki's parents #headcanon/#theory: https://t.co/YDJYkAK7Km" "Sun Dec 11 19:38:20 +0000 2016" True
NatachiMikotsu "#Vegeta is a good father and good husband after all! &lt;3 So cute! &lt;3 #DragonBallSuper #episode70th https://t.co/sjf1YBWPsL" "Sun Dec 11 11:39:50 +0000 2016" True
NatachiMikotsu "@bukai852 #Vegeta: Dobry mąż i ojciec &lt;3 https://t.co/KZYMcA6hdP" "Sun Dec 11 11:38:28 +0000 2016" True
NatachiMikotsu "It started... #Pokemon Sun and Moon's yaoi pairring time...

&lt;3&lt;3&lt;3&lt;3&lt;3&lt;3&lt;3&lt;3&lt;3 #Hau so handsome! And #Gladion so p… https://t.co/uxHpqLeXzb" "Fri Dec 09 23:51:43 +0000 2016" True
NatachiMikotsu "My life was a lie! QoQ #Pan is older than #Bra! Stupid #DragonBall logic! ... Give me a break! Bra looks older than Pan! &gt;&lt; It' stupid!" "Thu Dec 08 20:03:01 +0000 2016" True
NatachiMikotsu "#Haikyuu https://t.co/alljmkgVNB" "Tue Dec 06 18:11:56 +0000 2016" True
NatachiMikotsu "I noticed this similarity some time ago but #Sensei's aura and behaviour NOT MATCH to #SmallGiant's behaviour so I… https://t.co/pUUM0aqUxr" "Tue Dec 06 18:11:34 +0000 2016" True
NatachiMikotsu "@fuyukiiing 誰が彼にそれをしたのですか？気になります。" "Sun Dec 04 18:43:04 +0000 2016" True
NatachiMikotsu "#DragonBall #DragonBallSuper #fucklogic https://t.co/nJB4CItf9o" "Sun Dec 04 18:04:56 +0000 2016" True
NatachiMikotsu "@bukai852 A pro po Z i DBS jako kontynuacji. Nie może, bo Bra nie istnieje. Albo zignorują ostatni odcinek Z albo dodadzą Brę tak z kosmosu." "Sun Dec 04 18:01:48 +0000 2016" True
NatachiMikotsu "Have you ever noticed that, in contrast to #Gohan, #Goten's hair doesn't grow, even though he's half Saiyan like Gohan? #DragonBalllogic" "Sun Dec 04 17:35:27 +0000 2016" True
NatachiMikotsu "Have you ever noticed that #Raditz was never shown with other villains in Hell? #DragonBall" "Mon Nov 28 22:17:02 +0000 2016" True
NatachiMikotsu "Power levels in Dragon Ball! #Trunks and #Goten: over 250 000 000. #Raditz: over 1 500... don't believe them. NEVER. It'll kill your faith!" "Sun Nov 27 17:31:44 +0000 2016" True
NatachiMikotsu "I know that it's stupid idea but I don't have other .-. #Raditz #comeback #totheseries #PLEASE https://t.co/E4CPwsBgDy" "Sun Nov 27 17:21:36 +0000 2016" True
NatachiMikotsu "It's certain that you can see how crazy fan of #Raditz I am :) #bringhimtolifeakiratoriyama #iwannaseehimindbs" "Sun Nov 27 14:08:34 +0000 2016" True
NatachiMikotsu "#Goku and Vegera are SSJG now so Trunks and #Goten need someone strong to train with them. I'll reccomend #Raditz ;) #PiccoloandGohanarebusy" "Sun Nov 27 14:06:53 +0000 2016" True
NatachiMikotsu "It comes to my mind because of new ep of DBS. Goten and Trunks didn't know what they want to wish for so my mind blown up and end like this!" "Sun Nov 27 14:01:19 +0000 2016" True
NatachiMikotsu "What'd happen if Goten brought Raditz to life, because Goku told him that his bro was strong and he could be even stronger now? &lt;3 #Raditz" "Sun Nov 27 13:57:16 +0000 2016" True
NatachiMikotsu "#DragonBallSuper #AkiraToriyamaBR #SonGoku #Songo #Kakarotto #Vegeta #Gine #Saiyans #Goku #Bardock… https://t.co/ep2TlaBf50" "Sat Nov 26 18:11:15 +0000 2016" True
NatachiMikotsu "#artwork #drawing #IndieArtBlast https://t.co/uHRfgwOFv0" "Sat Nov 26 18:05:47 +0000 2016" True
NatachiMikotsu "#artwork #drawing #IndieArtBlast #OC https://t.co/jhh5ppoDTQ" "Sat Nov 26 18:05:38 +0000 2016" True
NatachiMikotsu "#artwork #drawing #IndieArtBlast https://t.co/fezOPm5UbO" "Sat Nov 26 18:04:56 +0000 2016" True
NatachiMikotsu "It's a little messy because it's really old pic but I wanted to show it to you :) Raditz's daughter &lt;3 #DragonBall… https://t.co/Ayle3ZVpdO" "Sat Nov 26 16:29:51 +0000 2016" True
NatachiMikotsu "Here I was trying to copy ""dragonball's muscles"" but I'm bad at it so don't kill me :) Raditz's second son &lt;3… https://t.co/rR6wvisc6J" "Sat Nov 26 16:20:11 +0000 2016" True
NatachiMikotsu "It's SUPER messy because I had to redraw his hair multiple times but I still wanna show him to you :) Raditz's son… https://t.co/eRb9fsYco7" "Sat Nov 26 16:17:56 +0000 2016" True
NatachiMikotsu "I need to create a ""League of Bringing Saiyans to Life"" to give second chance to Bardock, Gine and Raditz on Earth... #DragonBall #Raditz" "Sat Nov 26 15:56:01 +0000 2016" True
NatachiMikotsu "I love your works so much! U're soo good at drawing Egyptian Gods! It could be that u're the first person, who draw… https://t.co/hCm0Hi04Bp" "Fri Nov 25 22:25:00 +0000 2016" True
NatachiMikotsu "I cherished the most these drama moments in Pokemon... where are they now? ;( #bulldupy #PokemonSunMoon" "Thu Nov 24 23:29:50 +0000 2016" True
NatachiMikotsu "I can't keep my promise... Please,True Ash, use Ultrawolmhole and come to Alola! Alola's Ash have problem with sayi… https://t.co/aNhURVw41h" "Thu Nov 24 23:17:14 +0000 2016" True
NatachiMikotsu "I can buy it but then my mum'll tell me that I bought stupid thing again and that I should have better save them for my future house/or sth." "Thu Nov 24 21:54:53 +0000 2016" True
NatachiMikotsu "Coming from a poor family is stupid, because even if you have money, you know that you can't just buy 3DS and Pokemon Sun or Moon.
#problems" "Thu Nov 24 21:51:18 +0000 2016" True
NatachiMikotsu "Why is everyone playing Pokemon Sun / Moon and I don't? ;(

...

I wanna too! ToT #PokemonSunMoon #Iwannaplaytoo #gaming" "Thu Nov 24 21:43:06 +0000 2016" True
NatachiMikotsu "I wanna the same clothes but blue... RAVENCLAW! I wanna join! :( https://t.co/RLpPPSlWLY" "Thu Nov 24 19:26:26 +0000 2016" True
NatachiMikotsu "#digitalart #makingavideo #authorsproblems #nexttimeIwillsetimagesizeover5000px #stupidgraybackgroundonPTS https://t.co/9CWcKw0KfH" "Wed Nov 23 09:43:49 +0000 2016" True
NatachiMikotsu "It's so frustrating when after recording as U draw it turns out that U have to deal with gray bars on the sides of pic before U do a video." "Wed Nov 23 09:41:04 +0000 2016" True
NatachiMikotsu "The other day I posted a video about making a vector WIP. I was doing WIP to art with me, which you liked so much :) https://t.co/8w0cnZS42i" "Mon Nov 21 19:47:24 +0000 2016" True
NatachiMikotsu "That day when you wanna kill person, who invented poetry, because of your stupid lecturer from college... #sadness #howcansheevaluatepoems" "Mon Nov 21 18:14:32 +0000 2016" True
NatachiMikotsu "@theMarticore Podziwiam za prowadzenie kanału w j.angielskim. Ostatnio jak chciałam zacząć, wystarczyło, że nagrałam się i odsłuchałam... :(" "Mon Nov 21 13:48:55 +0000 2016" True
NatachiMikotsu "@bukai852 Też jestem ciekawa. Niby powiedział, że ""taki brzydki wszechświat nie ma prawa istnieć"", ale i tak zostają inne planety." "Sun Nov 20 13:47:41 +0000 2016" True
NatachiMikotsu "@bukai852 Ktoś się zastanawiał na ToiToi, czy Zeno zniszczył całą linię czasową, z której pochodził Trunks, czy tylko wszechświat 7." "Sun Nov 20 13:46:23 +0000 2016" True
NatachiMikotsu "I dunno, who he is... #divinebeasts #artwork #originalart #IndieArtBlast #drawing But I'll think about it. https://t.co/7nAEoi2WBK" "Sat Nov 19 18:36:19 +0000 2016" True
NatachiMikotsu "I hope that you'll like it :) https://t.co/8w0co09ETQ #drawing #youtube" "Sat Nov 19 13:13:20 +0000 2016" True
NatachiMikotsu "@NewSocialSelf According to test? Medium Social Anxiety :)" "Fri Nov 18 23:44:37 +0000 2016" True
NatachiMikotsu "I scored 60 points on the 100, but I think I should have got less than 50, because I don't have problems with meeti… https://t.co/284B8On1lI" "Fri Nov 18 21:13:19 +0000 2016" True
NatachiMikotsu "It's so embarassing that I discovered how to check ""who retweeted my post"" only a few seconds ago..." "Fri Nov 18 20:41:44 +0000 2016" True
NatachiMikotsu "Like I said I came to life. It's my today's work: #me I think that I improved a little in connecting heads to bodie… https://t.co/fWs4GR8b6D" "Fri Nov 18 18:59:32 +0000 2016" True
NatachiMikotsu "@Lockstin It's good. It means that you're not afraid of your fans :) I have something similar to social anxiety so I can imagine your shock." "Fri Nov 18 17:09:01 +0000 2016" True
NatachiMikotsu "It's only a head but in a different style. I had an inspiration, when I was drawing it the other day. #drawing… https://t.co/OG8Uvo4Zhg" "Fri Nov 18 16:58:50 +0000 2016" True
NatachiMikotsu "Today I'll come to life... &gt;D #artist" "Fri Nov 18 16:56:09 +0000 2016" True
NatachiMikotsu "Ok. I finished talking abouth S&amp;M anime series. Never again!" "Thu Nov 17 18:55:19 +0000 2016" True
NatachiMikotsu "It's so inappropriate that these children from Poke School understands ""suprise party"" as series of set battles. I see bad influence here." "Thu Nov 17 18:44:04 +0000 2016" True
NatachiMikotsu "Ash stepped back in growth. Now he's stupid child, who can't understand anything, which isn't a pokemon battle. WHY? Why? I can't stand it!" "Thu Nov 17 18:30:19 +0000 2016" True
NatachiMikotsu "*franchise https://t.co/tHgXnd3eEC" "Thu Nov 17 18:18:32 +0000 2016" True
NatachiMikotsu "Pokemon Sun&amp;Moon: Kapu-Kokeko gives Satoshi a Z-Ring.
Conclusion: Kapu-Kokeko can make Z-Rings. I dunno HOW.
Stupid logic of the new Pokemon" "Thu Nov 17 18:16:29 +0000 2016" True
NatachiMikotsu "Mamorigami's giving Ash something... it's made from metal and have an pikachu's stone in it. How do you get it, Kapu-Kokeko?" "Thu Nov 17 18:14:05 +0000 2016" True
NatachiMikotsu "I don't understand WHY Ash's going to Pokemon School now? He never ever needed it, so WHY NOW? What's with this childlish fanchise?" "Thu Nov 17 18:11:06 +0000 2016" True
NatachiMikotsu "Ash/Satoshi is SO childish now. Even worse than in XYZ, when he get excited because of science. NOW it's a real DIS… https://t.co/AliR5n7o5x" "Thu Nov 17 18:06:32 +0000 2016" True
NatachiMikotsu "*is working?

Writing right in English is so tough at midnight. https://t.co/tsXMbbRrZw" "Wed Nov 16 23:08:14 +0000 2016" True
NatachiMikotsu "Maybe I need a therapy? I hope not. Spiritualism is so, SO interesting. And connected to quantum physics (according to my own theory) duh :)" "Wed Nov 16 23:05:49 +0000 2016" True
NatachiMikotsu "Now I feel like a freak. But also like a person who understands the mechanism of the world a bit better than earlier. So #thanks #Lockstin" "Wed Nov 16 23:04:12 +0000 2016" True
NatachiMikotsu "Thanks to Lockstin and his MASSIVE theory about pokemon I had opportunity to learn more about some myths and mythologies, that I've known." "Wed Nov 16 23:00:09 +0000 2016" True
NatachiMikotsu "I always believed that world is a HUGE machine that works thanks to the hidden rules, that we can't see. I still believe in it." "Wed Nov 16 22:57:55 +0000 2016" True
NatachiMikotsu "@M_Gnoggin @Lockstin *in middle of watching new video* *sees Lockstin* Talking with your ""evil self"" on the video is at least more fun. DUH!" "Wed Nov 16 22:39:35 +0000 2016" True
NatachiMikotsu "@M_Gnoggin @Lockstin It must be funny to talk with your evil self on twitter... I do it a lot in my mind. Stop trolling me you two xD" "Wed Nov 16 22:33:45 +0000 2016" True
NatachiMikotsu "Maybe I should write something? 

Wait... deadline to come up with a theme for BA dissertation IS COMING!

Fanfiction is fine. #artist" "Mon Nov 14 21:53:31 +0000 2016" True
NatachiMikotsu "Be an artist... don't draw anything for a month. #artist #creativecrisis #lackofinspiration #Laziness #howcanIbesodamnlazy #studying" "Mon Nov 14 21:24:52 +0000 2016" True
NatachiMikotsu "@bukai852 @hitboxlive ""Miecze są super, bądź jak miecz"" XDDDD" "Sun Nov 13 17:48:56 +0000 2016" True
NatachiMikotsu "@bukai852 Nie zawiedziesz się. Chyba xD Trochę rzeczy się też naświetliło dzięki chapterowi 17-temu mangi." "Sun Nov 13 10:22:45 +0000 2016" True
NatachiMikotsu "@Lockstin My mind is close to blowing up... 😞" "Thu Nov 10 12:28:50 +0000 2016" True
NatachiMikotsu "Another character to universe of DivineBeast :) #comic #artwork #originalart #divinebeasts I'm pretty sure that I c… https://t.co/ne8Yzyxh3c" "Mon Nov 07 18:06:23 +0000 2016" True
NatachiMikotsu "#divinebeasts https://t.co/5wmeZ4W2H4" "Mon Nov 07 18:05:20 +0000 2016" True
NatachiMikotsu "@bukai852 A pro po JoJo. Patrz jakie cudo znalazłam xD https://t.co/rbft5Lex9S" "Mon Nov 07 17:16:13 +0000 2016" True
NatachiMikotsu "That moment when you discover that your computer has not installed Bluetooth and you have to install it manually. Lenovo :)" "Mon Nov 07 12:05:14 +0000 2016" True
NatachiMikotsu "So cute! I love it! *O* https://t.co/WB7pZy9uNN" "Sun Nov 06 17:28:13 +0000 2016" True
NatachiMikotsu "@Merryweatherey Thank you for watching me :)" "Sun Nov 06 17:27:59 +0000 2016" True
NatachiMikotsu "@bukai852 Wykrakaliśmy, wykrakaliśmy NAJBARDZIEJ EPICKĄ WALKĘ EVUR! Znaczy.... taka powinna być :) Skoro wiesz, kto tam będzie &gt;DDD" "Sun Nov 06 12:23:22 +0000 2016" True
NatachiMikotsu "@Lockstin Did u see a new ep of Pokemon Generations? It's about Dialga and Palkia! ""The circle of Arceus"" is gone!:( https://t.co/0XpqclXRhx" "Sat Nov 05 12:51:26 +0000 2016" True
NatachiMikotsu "@Lockstin I'm confused. I thought that it's your second accound and that you're trolling yourself... how bad can I be?" "Fri Nov 04 19:48:19 +0000 2016" True
NatachiMikotsu "After seeing this video: https://t.co/IC6EbHFza7 I wanna LEAVE FACEBOOK. #facebook #facebookusuwalajki #facebookzawłaszczazdjęcia" "Thu Nov 03 19:44:15 +0000 2016" True
NatachiMikotsu "@pokejungle I love it too but she can't be there with Red and Blue, because if you chose Red in the game, she would not come to life :(" "Sun Oct 30 00:00:20 +0000 2016" True
NatachiMikotsu "@Lockstin I hope so! I'm curious what we'll get in the future..." "Fri Oct 28 09:21:55 +0000 2016" True
NatachiMikotsu "@photonblaze @KaiSukiKai LOL! Now nobody can say that Red is dead :) He is only... not as vigorous as Blue xD Specifically: the opposite xD" "Thu Oct 27 17:14:59 +0000 2016" True
NatachiMikotsu "@Abtwitch99 @Lockstin I'm killed. You killed me. It's so damn good! Exactly Lockstin! It's fuckin' rabbit hole!" "Thu Oct 27 16:43:44 +0000 2016" True
NatachiMikotsu "@Lockstin Congrats! :) I really apreciate your theories! They're so wise! And also funny, when you wanna to make them funny :)" "Wed Oct 26 06:38:11 +0000 2016" True
NatachiMikotsu "@OurArtCorner Thank you very much! I think that was one of my best artworks. I had really good day while I was drawing it back then :)" "Tue Oct 25 21:37:28 +0000 2016" True
NatachiMikotsu "I've already showed you the protagonist. Now I'm going to introduce to you... the cutest character! #divinebeats… https://t.co/12efmmiGWR" "Mon Oct 24 20:08:47 +0000 2016" True
NatachiMikotsu "Yeah! I don't have lessons in the afternoon! Yay! 😀" "Mon Oct 24 08:48:36 +0000 2016" True
NatachiMikotsu "RT @pokejungle: Moment of silence for the Alolan Forms that could've been 😔🙏🏼 https://t.co/ualyHXkccW" "Mon Oct 24 08:43:28 +0000 2016" False
NatachiMikotsu "@bukai852 @hitboxlive ""Garnek do mafuby"" mnie rozwalił xDD" "Sun Oct 23 16:37:08 +0000 2016" True
NatachiMikotsu "@bukai852 Strzeżcie się wszyscy FUZJI! &gt;DDDDD https://t.co/Ca6Cn6Al0L" "Sun Oct 23 10:25:28 +0000 2016" True
NatachiMikotsu "@FuggingBleb @KaiSukiKai I wanna cry too! QoQ This commercial has thouched my heart!" "Sat Oct 22 13:55:47 +0000 2016" True
NatachiMikotsu "*Shocked... It's so embarrassing! https://t.co/QgL7NeIAQG" "Sat Oct 22 13:50:16 +0000 2016" True
NatachiMikotsu "I'm bad at drawing hands when I'm drawing full body. I can draw them properly without the body... just like heads... x__x" "Sat Oct 22 13:47:06 +0000 2016" True
NatachiMikotsu "She looks a little like Brendan from Pokemon R/S/E but this story is not related to the Pokemon World.… https://t.co/XuhrtkIyme" "Sat Oct 22 13:45:16 +0000 2016" True
NatachiMikotsu "I said something about comic, yeah? I am pleased to present to you one of the main characters! #comic #artwork… https://t.co/LMpmcRQ6d8" "Sat Oct 22 13:43:21 +0000 2016" True
NatachiMikotsu "I never ever seen Evil Jar Jar's Theory before but now... when I finally saw it. I'M SO SOCKED! #TPM #JarJarBinks #StarWars #Sith #Darkside" "Sat Oct 22 11:12:02 +0000 2016" True
NatachiMikotsu "@Lockstin Give me a link! I wanna play it!" "Sat Oct 22 09:05:03 +0000 2016" True
NatachiMikotsu "I you really wanna know @Lockstin :) Starters: Charmander, Chikorita/Cyndaquil, Treecko/Torchic, Chimchar/Piplup, Snivy, Fennekin, ROWLET!" "Sat Oct 22 09:03:58 +0000 2016" True
NatachiMikotsu "I like drawing but I'm not as good as I want to be. BUT I created characters to comic (that may never arise). I'll show them! #comics" "Fri Oct 21 17:54:24 +0000 2016" True
NatachiMikotsu "Satoshi looks like crap. I can't stand it! https://t.co/AsubzAq3LB #PokemonSunMoon TV Tokyo please remaster his appearance! Old was better!" "Fri Oct 21 14:23:26 +0000 2016" True
NatachiMikotsu "@IrinaHirondelle thank you for like :) I saw your pictures. You're amazing! I wanna be as good as you! &lt;3" "Fri Oct 21 10:59:52 +0000 2016" True
NatachiMikotsu "I think that I want to start listening Niklas Ahlström's music :)" "Fri Oct 21 10:51:28 +0000 2016" True
NatachiMikotsu "I can't stop listening and watching this video: https://t.co/RSvFeIzrun @Lockstin help .-." "Fri Oct 21 10:49:33 +0000 2016" True
NatachiMikotsu "And another descendant of Satoshi :) Sorry for the clearances! #NARUTO #drawing #artwork #originalart #OC https://t.co/jIZVdxQRST" "Thu Oct 20 22:51:35 +0000 2016" True
NatachiMikotsu "@Lockstin I'm done. You killed me. This theory is SO MASSIVE and so IMPRESSIVE and so OH MY GOD! That I can't calm… https://t.co/gxysW8WDiL" "Thu Oct 20 18:47:59 +0000 2016" True
NatachiMikotsu "I tried to copy the style, which Satoshi was drawn. 

I failed BUT now she's more real! Because she's Satoshi's des… https://t.co/h8AQqQ3b11" "Wed Oct 19 17:01:24 +0000 2016" True
NatachiMikotsu "Studies are SOOOOO tiring... but I can write the licentiate about fanfiction! *O*" "Wed Oct 19 16:21:42 +0000 2016" True
NatachiMikotsu "And the busy week is starting again..." "Sun Oct 16 22:02:35 +0000 2016" True
NatachiMikotsu "WTF? Why did it convert into JPEG? Oo https://t.co/C70MTXEBjD" "Fri Oct 14 17:38:42 +0000 2016" True
NatachiMikotsu "Ok! I decided to show you... colored version of my picture with Harry Potter!  #HarryPotter #drawing #artwork… https://t.co/y8wDV1J0SN" "Fri Oct 14 17:36:25 +0000 2016" True
NatachiMikotsu "What should I do? What should I do?

I have picture for you!

But I can't show it...

or I can? &gt;D" "Fri Oct 14 10:10:50 +0000 2016" True
NatachiMikotsu "Oooo! @St__Christopher is watching me!

I'm honored. Thank you very much! &lt;3" "Fri Oct 14 10:09:34 +0000 2016" True
NatachiMikotsu "I wanna show you something new!

REEEEEALLLLY BAAAAD! I'll do it!" "Thu Oct 13 22:38:43 +0000 2016" True
NatachiMikotsu "And now... my first super cute picture! #drawing #artwork #originalart #oldpics #mydrawingstyle #thebestpics… https://t.co/0o9zw5heFF" "Thu Oct 13 20:53:12 +0000 2016" True
NatachiMikotsu "This's really cute. Why I didn't like it back then? #drawing #artwork #originalart #oldpics #mydrawingstyle… https://t.co/sgTKqoK1y9" "Thu Oct 13 20:50:41 +0000 2016" True
NatachiMikotsu "And now pics from my school notebooks xD #drawing #artwork #originalart #oldpics #mydrawingstyle #thebestpics… https://t.co/FdCHnKRbRc" "Thu Oct 13 20:48:10 +0000 2016" True
NatachiMikotsu "An another one! I'd problems with drawing eyes xD #drawing #artwork #originalart #oldpics #mydrawingstyle… https://t.co/Imoi2dTswR" "Thu Oct 13 20:46:39 +0000 2016" True
NatachiMikotsu "Maybe I should show you my old arts? YES! I WILL! #drawing #artwork #originalart #oldpics #mydrawingstyle… https://t.co/aShG5wpVdi" "Thu Oct 13 20:45:28 +0000 2016" True
NatachiMikotsu "@Lockstin I think that my world would collapse and then create anew. I love this theory so much! &lt;3 https://t.co/TmwHnhtMTt" "Wed Oct 12 21:00:40 +0000 2016" True
NatachiMikotsu "I think that it was my FIRST pic, which I wanted to convert to digital art so bad... *___* #drawing #originalart… https://t.co/uwrG0VzDl0" "Wed Oct 12 20:24:03 +0000 2016" True
NatachiMikotsu "I want to thank @John__Burns and @XW_modernart for adding me to the list. I'm very grateful! &lt;3 &lt;3" "Wed Oct 12 18:56:14 +0000 2016" True
NatachiMikotsu "Wow, already thirty tweets. It's my personal record xD" "Wed Oct 12 17:49:16 +0000 2016" True
NatachiMikotsu "Another small pic! Nellana Lavellan - the elven Inqusitor with bow &lt;3 #DragonAge #drawing #artwork #originalart… https://t.co/zrVtMRmUir" "Wed Oct 12 17:41:45 +0000 2016" True
NatachiMikotsu "And now some small pictures! ...Aregor looks really awful Q.Q I screwed up... #dragonage #drawing #artwork… https://t.co/qtX9GIWe7M" "Wed Oct 12 17:37:38 +0000 2016" True
NatachiMikotsu "Sorry about the brightness. My scanner screwed up... But Michiko looks really pretty! *O* #drawing #NARUTO #artwork… https://t.co/aqY9zvCeeN" "Wed Oct 12 17:33:20 +0000 2016" True
NatachiMikotsu "Nobuetsu second form - Juukai! ...I think I failed when I was drawing her eyes. They're not the same... :(… https://t.co/w7Wbn3jPmu" "Wed Oct 12 17:29:31 +0000 2016" True
NatachiMikotsu "I can use it as stamp or something xD ...Yes. I should stamp my artwork using this &lt;3 #originalart #artwork… https://t.co/YORCyu8tvv" "Tue Oct 11 20:47:53 +0000 2016" True
NatachiMikotsu "I think that I should post more pictures..." "Tue Oct 11 20:35:29 +0000 2016" True
NatachiMikotsu "@Lockstin because of you and your awesome movies I started to see the world in different ways! All secrets come from OUR world! Am I insane?" "Tue Oct 11 20:28:08 +0000 2016" True
NatachiMikotsu "I wonder if you like fanfiction? Because I really love them. My favorite story is ""A Year Like None Other"" Aspen :) #harrypotter #fanfiction" "Tue Oct 11 20:21:07 +0000 2016" True
NatachiMikotsu "And now... It's time for COMING OUT! I hope that you'll like the new race - Nobuetsu! #DragonBall #artwork #drawing… https://t.co/7BSd520P9g" "Tue Oct 11 20:11:34 +0000 2016" True
NatachiMikotsu "I'm really grateful that I can show you first picture with Satoshi - my OC &lt;3 #NARUTO #originalart… https://t.co/GNNO9TyRat" "Tue Oct 11 19:57:10 +0000 2016" True
NatachiMikotsu "I live in Poland and I'm not going to support this foolish act, which is trying to turn me into a slave... WOMEN POWER! #CzarnyProtest" "Mon Oct 03 11:13:09 +0000 2016" True
NatachiMikotsu "I got sorted into Horned Serpent on #pottermore https://t.co/jWWisjyDRo" "Thu Sep 22 19:36:48 +0000 2016" True
NatachiMikotsu "I discovered my Patronus is a Dapple Grey Mare on J.K. Rowling’s @pottermore. Find yours: https://t.co/BekZbJsoPl #ExpectoPatronum" "Thu Sep 22 19:25:43 +0000 2016" True
NatachiMikotsu "Drawing this took me 15 minutes. It's pretty nice... I think xD #originalcharacter #artwork #drawing #sketchbook https://t.co/IfZmYm5P1p" "Thu Sep 22 10:02:31 +0000 2016" True
NatachiMikotsu "That moment when your BBF doesn't understand why you need to take a break from her... :( People are troublesome." "Fri Sep 09 15:32:58 +0000 2016" True
NatachiMikotsu "I'm pretty sure that Solas is the Maker but if Maker'll never be revealed I think it'll be good too. https://t.co/OpskBppXot #dragonage" "Tue Aug 30 13:11:56 +0000 2016" True
NatachiMikotsu "Super fluffy hair! I really really like it! &lt;3 Awesome! #artwork #originalart #fluffyhair https://t.co/QyZbHT2rcI" "Mon Aug 29 19:25:05 +0000 2016" True
NatachiMikotsu "That feeling when Wynne says to you that technically she's a walking dead body... #dragonage #dragonageorigin #Wynne" "Mon Aug 29 19:21:17 +0000 2016" True
NatachiMikotsu "Another ten-minutes-work. I tried to draw a face with a slightly different side than usual.
#artwork #originalart https://t.co/SzqxofZbfP" "Sun Aug 28 19:20:38 +0000 2016" True
NatachiMikotsu "I was trying to figure out what can I do with brown paper from my scetchbook. It's a result &lt;3 #artwork #OriginalArt https://t.co/G1SpYR4btG" "Sun Aug 28 15:53:32 +0000 2016" True
NatachiMikotsu "I love this moment in DAO when dying Arl Eamon will still wait until you get The Urn of Sacred Ashes xD #origins #DragonAge" "Sun Aug 28 14:34:05 +0000 2016" True
NatachiMikotsu "I've finally dooone! My first drawing in FireAlpaca! https://t.co/Zx9zyb49ax … #youtube #OriginalArt #artwork #firealpaca" "Sun Aug 28 13:28:21 +0000 2016" True
NatachiMikotsu "I wonder what are doing the characters (who can’t go with you on the mision) in the camp when Warden are trying to save Ferelden… #dragonage" "Sun Aug 28 08:02:43 +0000 2016" True
NatachiMikotsu "@sakurabutt Because adults are so stupid and more immature than we... &lt;3" "Sat Aug 27 16:28:09 +0000 2016" True
NatachiMikotsu "https://t.co/TmbX3bk8Vd #youtube #vector #lineart #HarryPotter #drawing" "Sat Aug 27 08:16:32 +0000 2016" True
NatachiMikotsu """I solemnly swear that I am up to no good"". I tried so hard! I dunno... is it good? .-. #fanart #HarryPotter https://t.co/hLWZE0DPf1" "Fri Aug 26 19:55:51 +0000 2016" True
NatachiMikotsu "I also tried to do my first animation in FireAlpaca. I think it is pretty good. How do you think? :) #animation https://t.co/3oEBsyo7XU" "Fri Aug 26 14:34:58 +0000 2016" True
NatachiMikotsu "Recently I was trying to draw my OC from DAO as character from DAI and it is a result. I did my best :) #fanart https://t.co/JKMsiDeIfE" "Fri Aug 26 14:33:24 +0000 2016" True
NatachiMikotsu "It tooks me only 10 minutes! Wow! And it's really one of my best arts! #quickdraw #oryginalartwork https://t.co/5Lscvhlkzh" "Fri Aug 26 14:29:13 +0000 2016" True
NatachiMikotsu "Witaj Twitter! #mójpierwszytweet" "Thu Aug 25 20:24:02 +0000 2016" True
