SahinDuezguen "How Obi-Wan could look like in a reboot. Jeff Bridges came to my mind.
@starwars #starwars #obiwankenobi… https://t.co/ymsFpXp2ki" "Tue Apr 25 11:29:59 +0000 2017" True
SahinDuezguen "Legacy @SupermanTweets @DCComics @TylerL_Hoechlin @BrandonJRouth @RealDeanCain 
#superman #fanart #art #portrait… https://t.co/bsl92OKbWk" "Thu Apr 20 17:54:41 +0000 2017" True
SahinDuezguen "RT @BreakingBad_AMC: He’s back. Don’t miss Gus Fring on an all new episode of @BetterCallSaul this Monday at 10|9c. https://t.co/mhzf9if2Bb" "Fri Apr 14 17:42:22 +0000 2017" False
SahinDuezguen "RT @starwarstuff: MARK &amp; HAYDEN, WE FINALLY HAVE THE PICTURE! https://t.co/9hv5aWGSFb" "Thu Apr 13 21:43:42 +0000 2017" False
SahinDuezguen "RT @ReelFada: There is an art exhibition for DC Comic films @ArtLudique, here's some JL concept art. https://t.co/zCwftctNA3" "Thu Mar 30 08:53:09 +0000 2017" False
SahinDuezguen "Floatin'
@ITMovieOfficial @StephenKing 
#it #itremake #itmovie #pennywise #ittrailer #art #digitalpainting #draw… https://t.co/7yut7AviKt" "Wed Mar 29 16:40:23 +0000 2017" True
SahinDuezguen "FLOATIN' ALREADY! https://t.co/FR04f2WBoX" "Wed Mar 29 16:13:53 +0000 2017" True
SahinDuezguen "Choose Your Hero And Join The League! #UniteTheLeague https://t.co/FNyWGAyvYR" "Tue Mar 28 19:09:24 +0000 2017" True
SahinDuezguen "Second Entry for Split-Contest on @DeviantArt. Wish me luck. #deviantart #illustration #art #portrait… https://t.co/IsHTmZ3xCt" "Wed Mar 22 03:00:11 +0000 2017" True
SahinDuezguen "Justice is coming @justiceleaguewb @WonderWomanFilm @GalGadot @BenAffleck @PrideofGypsies @rehsifyar #justiceleague… https://t.co/YBNxJ465dq" "Sat Mar 18 13:24:41 +0000 2017" True
SahinDuezguen "#RenewB99 'Nuff Said! 
@Brooklyn99FOX #b99" "Fri Mar 17 00:08:23 +0000 2017" True
SahinDuezguen "First entry for the The Split Shattered Self Contest on @DeviantArt. Wish me luck. #art #split #contest… https://t.co/kKolleEmfw" "Tue Mar 14 16:00:59 +0000 2017" True
SahinDuezguen "Sehen Sie sich mein Profil auf @Behance an: https://t.co/RvaqZLdIRG" "Tue Mar 14 12:00:28 +0000 2017" True
SahinDuezguen "Kong was not the only King!
@kongskullisland @GodzillaMovie #kongskullisland #godzilla #design #film #kingkong… https://t.co/taL69WGfzD" "Fri Mar 10 17:43:13 +0000 2017" True
SahinDuezguen "This man, his works and his philosophy made such a big influence in my life. RIP @brucelee #BruceLee #art #fanart… https://t.co/tVnNKJEpfl" "Tue Mar 07 01:07:47 +0000 2017" True
SahinDuezguen "THX for featuring my artwork. :) https://t.co/JuLPWzwohx" "Sat Mar 04 12:03:50 +0000 2017" True
SahinDuezguen "The World is yours.
#scarface #tonymontana #alpacino #art #design #poster #film #digitalpainting https://t.co/HqAghXSrbc" "Fri Mar 03 19:43:58 +0000 2017" True
SahinDuezguen "Thank you @RealHughJackman for seventeen amazing years with you through the @XMenMovies. @WolverineMovie #logan… https://t.co/tl75TGdOAD" "Thu Mar 02 19:27:43 +0000 2017" True
SahinDuezguen "Next Entry for @PosterSpy 
@kongskullisland #kongskullisland #kingkong #film #poster #design #art #illustration… https://t.co/FG70faQVLf" "Mon Feb 20 18:25:13 +0000 2017" True
SahinDuezguen "ALL HAIL THE KING. First Entry for @kongskullisland Brief on @PosterSpy. #kongskullisland #kingkong #art #poster… https://t.co/walGbjChtk" "Sun Feb 19 20:04:41 +0000 2017" True
SahinDuezguen "RT @melissafumero: Season 4. Tomorrow. 8pm. On FOX. #Brooklyn99 https://t.co/ja2euSwS2W" "Thu Jan 26 21:25:54 +0000 2017" False
SahinDuezguen "RT @Brooklyn99FOX: RETWEET if #Brooklyn99 is your favorite squad. https://t.co/x7SMUueYFS" "Wed Jan 25 23:17:00 +0000 2017" False
SahinDuezguen "When #Superman takes a photo... #JusticeLeague https://t.co/R2rVnkAILS" "Wed Jan 18 21:07:45 +0000 2017" True
SahinDuezguen "#HAPPYNEWYEAR #Newyearsday #2017 #2016 https://t.co/4CXzm4arMt" "Sun Jan 01 12:36:18 +0000 2017" True
SahinDuezguen "RIP Princess...
@carrieffisher @starwars #carriefisher #ripcarriefisher #starwars #rip #sad #princessleia https://t.co/OsKjLKzQ3Z" "Tue Dec 27 20:56:02 +0000 2016" True
SahinDuezguen "Teaser for #TheCrow remake. Was int he mood after reading the comic book. @thecrowmovie #brandonlee #remake #fanart… https://t.co/MYGmknHe2i" "Mon Dec 19 17:39:40 +0000 2016" True
SahinDuezguen "#RogueOne was f*cking dope! That ending...Vader at his finest. #StarWars #DarthVader @RogueOneMovie" "Sat Dec 17 23:01:38 +0000 2016" True
SahinDuezguen "Logan, Guardians of the Galaxy Vol. 2, War for the Planet of the Apes , IT, Blade Runner 2049, Justice League, Star… https://t.co/e38sxih7Ul" "Sat Dec 17 01:16:05 +0000 2016" True
SahinDuezguen "Another try at the 'A Monster Calls'-Contest on @PosterSpy. #amonstercalls #illustration #fanart #design #poster… https://t.co/oSIN6LaVLV" "Mon Dec 12 23:27:52 +0000 2016" True
SahinDuezguen "Updated it!
https://t.co/qmHn9JPPpQ https://t.co/TIdRc7Q1sn" "Thu Dec 08 18:52:07 +0000 2016" True
SahinDuezguen "Entry for @amonstercalls Contest on @PosterSpy. Please like. Wish me luck. ;) #amonstercalls #illustration #poster… https://t.co/iCB0XDTneq" "Thu Dec 08 13:50:18 +0000 2016" True
SahinDuezguen "'Sup Boy 
@DCComics #superboy #dccomics #digitalpainting #fanart #superhero https://t.co/FIpzL1A4gn" "Mon Dec 05 03:54:39 +0000 2016" True
SahinDuezguen "Bye 20s! Hello 30s!
#birthday #happybday #happybirthday #hello #bye #20s #30s" "Fri Dec 02 23:01:04 +0000 2016" True
SahinDuezguen "Enjoying my last minute as a 20-year-old...
#20s #happybirthday #happybday #lastminute" "Fri Dec 02 22:59:29 +0000 2016" True
SahinDuezguen "Meet Lucille...In Color @TheWalkingDead @WalkingDead_AMC @JDMorgan #thewalkingdead #twd #lucille #GlennRhee #fanart… https://t.co/BK2JxAwa1O" "Mon Nov 07 18:35:25 +0000 2016" True
SahinDuezguen "Meet Lucille @WalkingDead_AMC  @TheWalkingDead @JDMorgan #thewalkingdead #illustration #fanart #negan #ripglenn… https://t.co/muA5MNAd73" "Mon Oct 31 15:12:10 +0000 2016" True
SahinDuezguen "To Celebrate the 35th Anniversary. #HappyHalloween @TheHorrorMaster @Halloweenmovies #halloween #michaelmyers… https://t.co/Jb6J9B44CF" "Sun Oct 30 15:32:18 +0000 2016" True
SahinDuezguen "RT @Halloweenmovies: ""He's gonna get you, he's gonna get you, he's gonna get you ... The Boogeyman is coming!"" #FlashbackFriday #Halloween…" "Fri Oct 28 17:13:32 +0000 2016" False
SahinDuezguen "I need you to know me! @WalkingDead_AMC @JDMorgan #thewalkingdead #twd #negan #spoiler #illustration #fanart… https://t.co/BQ9LvDipnI" "Mon Oct 24 03:30:16 +0000 2016" True
SahinDuezguen "VIII @starwars @Disney @HamillHimself #starwars #episodeviii #starwars8 #illustration #design #film #movie #poster… https://t.co/ElwIN0RGFA" "Wed Oct 12 15:05:52 +0000 2016" True
SahinDuezguen "RT @CreatureBox: Inktober Day 9: Need help? For 3 Bitcoin and a pint of oil you can hire Haven City’s best: Agent 39. #inktober #inktober20…" "Sun Oct 09 17:11:39 +0000 2016" False
SahinDuezguen "RT @MarvelIronFist: The living weapon, his every movement a work of art. Stop by the @Marvel #NYCC booth all weekend for exclusives and to…" "Sat Oct 08 00:38:56 +0000 2016" False
SahinDuezguen "RT @LukeCage: Harlem is rising. #LukeCage https://t.co/Rg13hUpgai" "Mon Oct 03 16:43:33 +0000 2016" False
SahinDuezguen "Why so Serious? @batman @wbpictures @DCComics #thedarkknight #batman #joker #illustration #design #film #poster… https://t.co/mtjaHu2ESP" "Mon Oct 03 11:51:08 +0000 2016" True
SahinDuezguen "The Sunset Limited @HBO @SamuelLJackson #thesunsetlimited #illustration #film #fanart #design #samuelljackson… https://t.co/HOMfeZPfHU" "Sat Oct 01 05:43:46 +0000 2016" True
SahinDuezguen "Source: @SahinDuezguen" "Fri Sep 30 17:20:59 +0000 2016" True
SahinDuezguen "WIPying
#art #wip #illustration #fanart #photoshop https://t.co/qbDETq3RKo" "Thu Sep 29 15:34:13 +0000 2016" True
SahinDuezguen "The Horror... #ApocalypseNow #francisfordcoppola #vietnam #ww2 #film #movie #illustration #design #fanart #poster… https://t.co/0tvi2ZtBvi" "Thu Sep 29 11:46:11 +0000 2016" True
SahinDuezguen "Don't make Jack a dull boy! @StephenKing @StanleyKubrick @wbpictures
#theshining #stephenking #illustration #design… https://t.co/25xmDtH1CH" "Wed Sep 28 01:05:54 +0000 2016" True
SahinDuezguen "What an excellent day for an exorcism. @TheExorcistFOX @wbpictures #theexorcist #illustration #design #poster #film… https://t.co/qv7ce7epNE" "Sun Sep 25 16:55:42 +0000 2016" True
SahinDuezguen "No way!!! https://t.co/cij3amJH7E" "Sat Sep 24 22:30:48 +0000 2016" True
SahinDuezguen "The Beginning is nigh. @PreacherAMC @AMC_TV @dominiccoop #preacher #illustration #tv #design #poster #jessecuster… https://t.co/HgizDuklcR" "Sat Sep 24 12:05:56 +0000 2016" True
SahinDuezguen "DD Alt @Daredevil @marvel @netflix @TheDefenders 
#daredevil #illustration #poster #design #fanart #tv… https://t.co/9qmi9J3i5t" "Thu Sep 22 22:31:15 +0000 2016" True
SahinDuezguen "Justice is Blind. @Daredevil @Marvel @netflix 
#daredevil #marvel #illustration #fanart #tv #poster #charliecox… https://t.co/ZxiPV9qsdQ" "Thu Sep 22 10:09:28 +0000 2016" True
SahinDuezguen "The List is Life. @UniversalPics
#schindlerslist #stevenspielberg #illustration #poster #film #design #liamneeson… https://t.co/O7Fim3YPon" "Wed Sep 21 10:47:26 +0000 2016" True
SahinDuezguen "RT @PshopCreative: Get this font free with Photoshop Creative 144!

https://t.co/8Nw1qoZhOT https://t.co/vhYLAkxhGU" "Tue Sep 20 11:36:36 +0000 2016" False
SahinDuezguen "Steve Jobs ALT @SteveJobsFilm @UniversalPics @Apple 
#stevejobs #film #illsutration #fanart #design #poster… https://t.co/1oQNiVPgTx" "Mon Sep 19 23:19:42 +0000 2016" True
SahinDuezguen "Can a great man be a good man? @SteveJobsFilm @UniversalPics @Apple #stevejobs #ilustration #design #poster #film https://t.co/olk1izSlpw" "Mon Sep 19 13:49:10 +0000 2016" True
SahinDuezguen "Mischief. Mayhem. Soap. @EdwardNorton @davidfincher 
#fightclub #tylerdurden #illustration #design #film #poster https://t.co/tP8fONRFgO" "Sun Sep 18 13:41:56 +0000 2016" True
SahinDuezguen "Mischief. Mayhem. Soap. @EdwardNorton @davidfincher 
#fightclub #tylerdurden #illustration #design #poster #film https://t.co/sd0QGYri2I" "Sun Sep 18 12:07:42 +0000 2016" True
SahinDuezguen "RT @ZackSnyder: #JusticeLeague #BatmanDay https://t.co/m1MbiF6HZD" "Sat Sep 17 19:44:18 +0000 2016" False
SahinDuezguen "Hit the road, Max! @MadMaxMovie @CharlizeAfrica @NicholasHoult @ZoeKravitz @RileyKeough #madmax #illustration #film https://t.co/Gg7rM4dayW" "Sat Sep 17 15:44:55 +0000 2016" True
SahinDuezguen "ROTS @starwars
#starwars #revengeofthesith #darthvader #illustration #poster #design #film #movie #fanart https://t.co/V7F4V4kCIL" "Fri Sep 16 14:02:11 +0000 2016" True
SahinDuezguen "ROTS @starwars 
#starwars #revengeofthesith #illustration #fanart #poster #design #film #portrait https://t.co/swTrzCsFqd" "Fri Sep 16 14:01:21 +0000 2016" True
SahinDuezguen "HoC
@HouseofCards @KevinSpacey @BeauWillimon @netflix #houseofcards #kevinspacey #illustration #design #art #tv https://t.co/clBCYsGQpB" "Thu Sep 15 17:05:08 +0000 2016" True
SahinDuezguen "RT @ZackSnyder: Homestretch. Last day filming Batman in the new Tactical Batsuit.
#JusticeLeague #Batman https://t.co/GMJ9aoYVKJ" "Wed Sep 14 19:14:40 +0000 2016" False
SahinDuezguen "Kill Bill @Miramax #killbil #quentintarantino #umathurman #illustration #design #film #poster #design #portrait https://t.co/E4Gi8B5aoV" "Wed Sep 14 19:06:48 +0000 2016" True
SahinDuezguen "RT @skyboxlabs: Another mashup from our Twitch! @Stranger_things X @DarkestDungeon -https://t.co/iIIVJW2o3n #fanart #strangerthings https:/…" "Tue Sep 13 22:11:56 +0000 2016" False
SahinDuezguen "W.W. @WonderWomanFilm @GalGadot @PattyJenks #wonderwoman #galgadot #design #film #chrispine #dceu #poster #superhero https://t.co/d5o6P7jfnP" "Tue Sep 13 14:06:38 +0000 2016" True
SahinDuezguen "cOnTroL iS aN iLluSioN
@whoismrrobot @ItsRamiMalek @samesmail @PosterSpy
#MrRobot #illustration #design #fanart #tv https://t.co/iIsl0lBNxv" "Mon Sep 12 21:19:32 +0000 2016" True
SahinDuezguen """Call it."" @Miramax @BardemOficial 
#nocountryforoldmen #javierbardem #thriller #illustration #film #design #fanart https://t.co/gqrJazdixV" "Sun Sep 11 12:12:27 +0000 2016" True
SahinDuezguen "RT @EW: Here are highlights from the 'Heat' panel featuring stars Al Pacino and Robert De Niro: https://t.co/JaZrXWfZhu https://t.co/x4AtDN…" "Sun Sep 11 11:27:04 +0000 2016" False
SahinDuezguen "No Introduction Necessary. @APtheMusical @JaredLeto @officialchloes #americanpsycho #illustration #design #film https://t.co/dt82D5BkXJ" "Fri Sep 09 23:39:39 +0000 2016" True
SahinDuezguen "Second Entry for the @whoismrrobot contest on @PosterSpy @samesmail #mrrobot #illustration #poster #design #fsociety https://t.co/vzKs9Vd0SM" "Thu Sep 08 22:22:37 +0000 2016" True
SahinDuezguen "One of my fave Time Travel-flicks. @Loopermovie @rianjohnson @hitRECordJoe #looper #illustration #poster #film #art https://t.co/y2rSNXW1jk" "Wed Sep 07 13:00:17 +0000 2016" True
SahinDuezguen "RT @Pixalry: Star Wars Reimagined: Studio Ghibli - Created by Lap Pun Cheung 
https://t.co/pH1X0MYCT1" "Mon Sep 05 21:44:19 +0000 2016" False
SahinDuezguen "Entry for @InfiltratorMov on @PosterSpy. Likes and Retweets appreciated. #TheInfiltrator #illustration #poster #film https://t.co/kqWwEZyDUd" "Mon Sep 05 19:42:38 +0000 2016" True
SahinDuezguen "Another try for #Godfatherpart4. Enjoy. @paramount_kino
#thegodfather #illustration #design #film #movie #fanart https://t.co/u86MT8LTwR" "Mon Sep 05 12:37:53 +0000 2016" True
SahinDuezguen "Never going to happen, but was in the mood...@paramount_kino #thegodfather #illustration #design #poster #godfather4 https://t.co/WyJP2CVAdq" "Sun Sep 04 14:17:31 +0000 2016" True
SahinDuezguen "RT @OnlyFilm: Here's a cool new Chinese poster for #StarTrekBeyond!
[Directed by #JustinLin].
#ChrisPine #ZoeSaldana #IdrisElba. https://t.…" "Sat Sep 03 12:31:43 +0000 2016" False
SahinDuezguen "Hail Shield(Hydra)! @CaptainAmerica @ChrisEvans @Marvel 
#captainamerica #illustration #film #poster #design https://t.co/oyx62BRswW" "Sat Sep 03 10:26:46 +0000 2016" True
SahinDuezguen "RT @Pixalry: Star Wars: Face Off - Created by Dmitriy Bessonov
https://t.co/WoKZ7vYtEH https://t.co/tB49oXw5N8" "Fri Sep 02 06:19:38 +0000 2016" False
SahinDuezguen """Not my f*cking tempo!"" @WhiplashMovie @Miles_Teller 
#whiplash #illustration #film #poster #movie https://t.co/whHgqFqn57" "Thu Sep 01 14:39:32 +0000 2016" True
SahinDuezguen "RT @Stranger_Things: The adventure continues. Stranger Things 2 is coming 2017. https://t.co/3H4WR3DGEj" "Wed Aug 31 13:52:20 +0000 2016" False
SahinDuezguen """If you want the f*cking part, earn it!"" @WhiplashMovie @Miles_Teller 
#whiplash #illustration #film #poster #movie https://t.co/UjB6dl4l3n" "Wed Aug 31 12:03:41 +0000 2016" True
SahinDuezguen "Love never dies. 
#dracula #garyoldman #horror #illustration #poster #film #fanart #winonaryder https://t.co/bXUwF5RxtE" "Mon Aug 29 12:09:00 +0000 2016" True
SahinDuezguen "@HamillHimself Are you going to see #RogueOne?" "Sun Aug 28 11:01:28 +0000 2016" True
SahinDuezguen """Never tell me the odds."" @starwars
#starwars #hansolo #poster #design #fanart #aldenehrenreich #harrisonford https://t.co/Fwev5Wvyg4" "Sat Aug 27 17:13:54 +0000 2016" True
SahinDuezguen "The Godfather @ParamountPics 
#thegodfather #alpacino #marlonbrando #fanart #portrait #classic #film #gangster https://t.co/x15mOjqaYL" "Fri Aug 26 13:07:18 +0000 2016" True
SahinDuezguen "Entry for Contest for @whoismrrobot on @PosterSpy.
@ItsRamiMalek @ChristianSlater @samesmail #mrrobot #illustration https://t.co/oyRONvxAGN" "Wed Aug 24 08:10:41 +0000 2016" True
SahinDuezguen "RT @Marvel: A brand new Invincible #IronMan suits up and blasts off this fall! https://t.co/Y8KLynTWer https://t.co/yXeQmjvwSX" "Mon Aug 22 21:53:21 +0000 2016" False
SahinDuezguen "Was playing with the Idea of a young #JamesBond with the tragic backstory from #Skyfall. @007 @MGM_Studios https://t.co/urPKzSFAPQ" "Wed Aug 17 06:43:20 +0000 2016" True
SahinDuezguen "IT Remake Concept @StephenKing
#itthemovie #itremake #conceptart #pennywise #horror #stephenking #fanart https://t.co/IcwnrsIKOs" "Sun Aug 14 21:48:50 +0000 2016" True
SahinDuezguen "RT @22Vision: Hook 25th Anniversary Reunion

#Hook25th #22Vision https://t.co/T5wkZvsmS0" "Sun Aug 14 09:43:59 +0000 2016" False
SahinDuezguen "Still waiting... @Miramax @blumhouse @TheHorrorMaster @Halloweenmovies #halloweenreturns #michaelmyers #horror #film https://t.co/q7MIiySKsM" "Thu Jul 28 13:01:29 +0000 2016" True
SahinDuezguen "Manners Maketh...@KingsmanMovie @20thcenturyfox @taronegerton
#Kingsman #Kingsman2 #poster #design #fanart #movie https://t.co/aLlxbCbSqZ" "Tue Jul 26 21:41:18 +0000 2016" True
SahinDuezguen "Next Stop after @kongskullisland. @GodzillaMovie @Legendary @wbpictures 
#godzilla #kingkong #godzillavskong #design https://t.co/1gRKTlV6WC" "Sat Jul 23 21:25:56 +0000 2016" True
SahinDuezguen "DUUUDE!!! https://t.co/z2YOiK6a6M" "Sat Jul 23 19:53:39 +0000 2016" True
SahinDuezguen "RT @ZackSnyder: #FlewAllNight #NeverMissHallH #JusticeLeague
https://t.co/PH2loOdHOY" "Sat Jul 23 19:53:30 +0000 2016" False
SahinDuezguen "RT @starwars: Shiny! You'll find these servants of the Empire and First Order at the @ANOVOS booth (N1009).  #SWCE https://t.co/TL7ICxjjbZ" "Sun Jul 17 11:23:49 +0000 2016" False
SahinDuezguen "RT @Halloweenmovies: John Carpenter Returns to #Halloween! 🔪 🎃 @TheHorrorMaster @TrancasFilms @Miramax #MichaelMyers
https://t.co/RDnRLcdwLD" "Sat Jul 16 13:24:38 +0000 2016" False
SahinDuezguen "RT @IAMLenaHeadey: https://t.co/9z4Hs1VxqE" "Fri Jul 15 14:40:48 +0000 2016" False
SahinDuezguen "GO! @Pokemon @Legendary @pokemongonews
#pokemon #pokemongo #pokemonfilm #design #fanart #pokeball https://t.co/RQVSploT4t" "Fri Jul 15 00:16:00 +0000 2016" True
SahinDuezguen "Another Try. @stephenking
#itremake #pennywise #stephenkingsit #fanart #design #poster #horror #billskarsgard https://t.co/TD75g4qL6d" "Wed Jul 13 21:12:10 +0000 2016" True
SahinDuezguen "Bring #IT already. 
@StephenKing @ITthemovie 
#itremake #pennywise #stephenkingsit #fanart #design #poster #horror https://t.co/SmE5whbwzw" "Tue Jul 12 12:46:19 +0000 2016" True
SahinDuezguen "RT @DC_Extended: Image of #SuicideSquad cast in better quality. From @lacosacine https://t.co/8yz95vw5J8" "Wed Jul 06 12:00:15 +0000 2016" False
SahinDuezguen "I know women... 
#artificialintelligence #judelaw #gigolojoe #fanart #portrait #digitalpainting #stevenspielberg https://t.co/38ny5m45f9" "Sun Jul 03 19:55:26 +0000 2016" True
SahinDuezguen "Admit it, you want this to happen. ;D
@JohnWickMovie @JackReacher @TheEqualizer #design #film #vengeancesquad https://t.co/zIpQRgojKC" "Sat Jul 02 17:51:00 +0000 2016" True
SahinDuezguen "Hate is never the answer. Love is! 🇹🇷 
#istanbul #prayforistanbul" "Wed Jun 29 12:24:55 +0000 2016" True
SahinDuezguen "RT @enriqueiglesias: My heart is with you #Istanbul https://t.co/alBd9rXHTQ" "Wed Jun 29 12:18:59 +0000 2016" False
SahinDuezguen "Time for a Family Reunion! @MelissaBenoist @TylerL_Hoechlin @TheCWSupergirl @DCComics
#supergirl #superman #design https://t.co/3MZwx7Nm13" "Mon Jun 27 17:33:26 +0000 2016" True
SahinDuezguen "Was playing with an Idea for a HarryPotter-prequel. And this came out. XP
#HarryPotter #themarauders #poster #design https://t.co/mzx4Z3thJy" "Sun Jun 26 19:04:21 +0000 2016" True
SahinDuezguen "XD https://t.co/0LqyTPjMgZ" "Fri Jun 24 18:12:25 +0000 2016" True
SahinDuezguen "After the recently released poster i couldn't resist to give it a try myself.
@PowerRangers @ThePowerRangers #design https://t.co/wJjwF9Q6VW" "Fri Jun 24 01:47:35 +0000 2016" True
SahinDuezguen "RT @starwars: As my former master once said, ""Well, we are still flying half a ship."" https://t.co/mBPVFkqfb6" "Fri Jun 24 01:38:58 +0000 2016" False
SahinDuezguen "Run, Barry!
@DCComics @WarnerBrosEnt 
#theflash #ezramiller #justiceleague #dccomics #poster #design #fanart https://t.co/fE6N7FJgpP" "Wed Jun 22 21:22:41 +0000 2016" True
SahinDuezguen "Curious how this will work out. @DCComics 
#krypton #dccomics #superman #poster #design #fanart #tvseries #prequel https://t.co/sUBLpmVAnD" "Sun Jun 19 22:51:13 +0000 2016" True
SahinDuezguen "RT @DeviantArt: This day calls for some amazing @StreetFighter fan art! 💪 https://t.co/ZO04GxLxZX https://t.co/FbYwoLohm6" "Sat Jun 18 20:14:42 +0000 2016" False
SahinDuezguen "RT @starwars: #WednesdayWisdom https://t.co/FEbf6tZfFZ" "Wed Jun 15 20:27:05 +0000 2016" False
SahinDuezguen "RT @EAStarWars: Bespin details and Gameplay are coming on June 17th. Be sure to join us and @Gameverb to see the action first. https://t.co…" "Wed Jun 15 20:23:42 +0000 2016" False
SahinDuezguen "TDK @Batman @wbpictures 
#batman #thedarkknight #poster #design #fanart #joker https://t.co/ihhV9c3Xac" "Mon Jun 13 23:05:24 +0000 2016" True
SahinDuezguen "Classic... @Batman @MichaelKeaton @DCComics 
#poster #design #batman #timburton #michaelkeaton #fanart https://t.co/yzp9Y5Ice5" "Sat Jun 11 02:21:44 +0000 2016" True
SahinDuezguen """I saw a city in the clouds."" https://t.co/hKf6kSJG6T" "Thu Jun 09 20:00:33 +0000 2016" True
SahinDuezguen "New Avenger...
@SpiderManMovie @Marvel @TomHolland1996  #spiderman #spidermanhomecoming #marvel #tomholland https://t.co/HgIA6lvrTy" "Wed Jun 08 12:35:05 +0000 2016" True
SahinDuezguen "RT @michaeljackson: “...if you're a man singing pop music...there's a long, moonwalk-shaped shadow you have to live up to.” –LA Times https…" "Tue May 31 17:47:36 +0000 2016" False
SahinDuezguen "RT @VancityReynolds: LOVE dressing my daughter in baby clothes. The itsy-bitsy pink pajamas. The tiny white socks. The black leather mask.…" "Mon May 30 23:31:32 +0000 2016" False
SahinDuezguen "RT @starwars: Star Wars was born 39 years ago today in theaters not so far, far away. Where did you first experience it? https://t.co/Esm99…" "Wed May 25 16:37:22 +0000 2016" False
SahinDuezguen "Hey, everyone! @SpiderManMovie @Marvel @TomHolland1996 
#spiderman #spidermanhomecoming #marvel #tomholland https://t.co/r9g3XBfNwU" "Fri May 20 18:27:04 +0000 2016" True
SahinDuezguen "General America @CaptainAmerica @ChrisEvans @Marvel 
#CaptainAmerica #cacw #CaptainAmericaCivilWar #fanart #draw https://t.co/gAPqCF5ZfU" "Mon May 16 11:59:15 +0000 2016" True
SahinDuezguen "Classic-Mood @Schwarzenegger @JimCameron 
#theterminator #poster #design #fanart #film #arnoldschwarzenegger #film https://t.co/J8d7BcDLvo" "Sun May 15 12:18:19 +0000 2016" True
SahinDuezguen "RT @EW: Jennifer Lawrence danced like this in front of Harrison Ford and J.J. Abrams: https://t.co/IcPm8pZdeb 😂 😂 https://t.co/misbP6kUEH" "Sat May 14 19:33:35 +0000 2016" False
SahinDuezguen "Erik @XMenMovies @Marvel 
#xmen #magneto #michaelfassbender #XMenApocalypse #mutant https://t.co/ww3YXlWqBd" "Thu May 12 15:25:22 +0000 2016" True
SahinDuezguen "Master @brucelee
#brucelee #martialarts #jeetkunedo #legend #master #fanart #DigitalPainting #portrait https://t.co/WM9TEagszC" "Wed May 11 17:52:13 +0000 2016" True
SahinDuezguen "Anything to say, bitch? @deadpoolmovie @VancityReynolds @Marvel
#deadpool #deadpool2 #poster #design #movie https://t.co/WR8SBSbQOh" "Wed May 11 14:36:14 +0000 2016" True
SahinDuezguen "The one and only! 
#superman #christopherreeve https://t.co/E6vgPJqDUH" "Wed May 11 14:28:02 +0000 2016" True
SahinDuezguen "Rise! @Gotham @Batman 
#gotham #poster #fanart #design #batman #tvseries #joker #penguin #fishmooney https://t.co/QrJM3zLFNu" "Tue May 10 05:25:48 +0000 2016" True
SahinDuezguen "HD Time @StreetFighter
#StreetFighter #art #videogame #SFV #ryu #fanart https://t.co/QbXAOjJfn0" "Sun May 08 10:08:48 +0000 2016" True
SahinDuezguen "...Spidey @CaptainAmerica @SpiderManMovie @marvel 
#CaptainAmericaCivilWar #spiderman #CaptainAmerica #funny #wtf https://t.co/i3rgMkREqN" "Sat May 07 10:41:39 +0000 2016" True
SahinDuezguen "#DarthVader is back! @starwars
#starwars #RogueOne #poster #design #felicityjones https://t.co/sefpBhlxeI" "Sat May 07 10:19:37 +0000 2016" True
SahinDuezguen "Big Thx 2 #vindiesel 4 sharing my #Fast8 poster on FB. Caused me to make another one. #poster #design #film https://t.co/WmHc0sFTFa" "Sat May 07 10:11:24 +0000 2016" True
SahinDuezguen "Fave Character in #CaptainAmericaCivilWar
@marvel @chadwickboseman @theblackpanther
#BlackPanther #poster #design https://t.co/FcyXFi32eb" "Thu May 05 09:46:59 +0000 2016" True
SahinDuezguen "Next Jungle Book Film by @andyserkis . Coming out next year. @DisneyStudios 
#design #film #poster #junglebook https://t.co/uvqVHMOZ6M" "Mon May 02 14:01:52 +0000 2016" True
SahinDuezguen "VIII
@starwars @HamillHimself
#starwars #ep8 #sw8 #epviii #poster #design https://t.co/WboD5w2Rdj" "Fri Apr 29 12:43:51 +0000 2016" True
SahinDuezguen "Good Night, Sweet @prince 
#prince #ripprince #sketch #art #tribute https://t.co/rqkR22OhT5" "Fri Apr 22 07:39:25 +0000 2016" True
SahinDuezguen "2017... @WonderWomanFilm @GalGadot @BatmanvSuperman @wbpictures 
#WonderWoman #GalGadot #poster #fanart https://t.co/wXAUd7XqTf" "Sat Apr 02 19:23:19 +0000 2016" True
SahinDuezguen "Another try on #wolverine 3...
@RealHughJackman @WolverineMovie @XMenMovies 
#oldmanlogan https://t.co/r8wVEjq2sJ" "Thu Mar 03 04:08:37 +0000 2016" True
SahinDuezguen "Inspired by the poster of @jasonbourne. Date is fictional.
#thebatman @BatmanvSuperman #benaffleck https://t.co/WFXrchpLe7" "Wed Feb 24 05:19:02 +0000 2016" True
SahinDuezguen "Would love seeing @FGaryGray making this. ;)
@creedmovie @michaelb4jordan @TheSlyStallone #creed2 https://t.co/2KWFVDTbmb" "Sat Jan 30 15:29:29 +0000 2016" True
SahinDuezguen "RT @Sherlock221B: A massive THANK YOU from all of us to all of you around the world! Thanks for your love and support :) #Sherlock https://…" "Fri Jan 01 23:23:54 +0000 2016" False
SahinDuezguen "The Exile Is Over @starwars @HamillHimself
#starwars #theforceawakens #tfaspoiler #fanart https://t.co/7ySJhmWnGh" "Mon Dec 21 00:32:09 +0000 2015" True
SahinDuezguen "RT @TMNTMovie: Gear up. Watch the new trailer for Teenage Mutant Ninja Turtles: Out of the Shadows #TMNT2
https://t.co/2d6HZg2J4R" "Thu Dec 10 19:33:38 +0000 2015" False
SahinDuezguen "Retweet Alert...because of the Trailer! ;)
#tmnt2 @TMNTMovie https://t.co/UK6pNPzTwW" "Thu Dec 10 19:33:30 +0000 2015" True
SahinDuezguen "RT @History_Pics: The Beatles in their final concert on the roof of Apple Records, 1969 https://t.co/aXlyMuTFgp" "Tue Dec 01 19:23:52 +0000 2015" False
SahinDuezguen "ZooM, baby!!!
@CW_TheFlash #theflash #zoom #digitalpainting #fanart https://t.co/mWD5XkBBbv" "Tue Dec 01 15:02:00 +0000 2015" True
SahinDuezguen "RT @Gotham: #Gotham allegiances are tested with one simple question: Whose side are you on in the #BatmanVSuperman debate?
https://t.co/e15…" "Fri Nov 27 20:23:27 +0000 2015" False
SahinDuezguen "30 Days until...
@starwars #theforceawakens https://t.co/kwNkQLGxyD" "Wed Nov 18 12:20:51 +0000 2015" True
SahinDuezguen "Rough Night
#batman #gotham @gotham @DCComics @BatmanvSuperman https://t.co/gMo2kUAxOR" "Sat Nov 14 14:09:52 +0000 2015" True
SahinDuezguen "Thought Luke ain't gonna get a Character Sheet? Not in my world, buddy! ;)
@starwars #theforceawakens #WHEREISLUKE https://t.co/4MFjcqZbJG" "Fri Nov 06 00:38:58 +0000 2015" True
SahinDuezguen "Turkish @StreetFighter-Character Redesign
#StreetFighter #Turkey #digitalpainting #art #character #conceptart https://t.co/0kOcH50hfz" "Tue Oct 27 21:39:18 +0000 2015" True
SahinDuezguen "Doctor. Sorcerer. Hero.
@Marvel #DoctorStrange https://t.co/C2NhwIwR2U" "Mon Oct 26 19:35:27 +0000 2015" True
SahinDuezguen "RT @Halloweenmovies: 'Trick or Treat, Trick or Treat, Give me something good to eat!' #Halloween #MyersMonday https://t.co/KZ9ZrYRbph" "Mon Oct 26 19:33:23 +0000 2015" False
SahinDuezguen "#TheForceAwakens isn't the only @starwars film to look forward to. ;)
#starwars #rogueone https://t.co/8lx5qeIcUe" "Sat Oct 24 12:14:40 +0000 2015" True
SahinDuezguen "Check out my new Art-Blog!
https://t.co/N3ZdUxNulW" "Wed Oct 21 07:08:15 +0000 2015" True
SahinDuezguen "RT @starwars: Check out the new official poster! Tune in to @ESPN’s Monday Night Football for a new look at #TheForceAwakens. http://t.co/N…" "Sun Oct 18 17:24:51 +0000 2015" False
SahinDuezguen "GOD vs. KING! 
@GodzillaMovie @wbpictures 
#GodzillaVsKong #godzilla #kingkong http://t.co/njtfrlgRzt" "Thu Oct 15 21:35:23 +0000 2015" True
SahinDuezguen "Guess who's coming home? @Halloweenmovies 
#halloween #halloweenreturns #MichaelMyers http://t.co/1RZaFbAj0Z" "Wed Oct 07 19:39:40 +0000 2015" True
SahinDuezguen "VII @starwars 
#StarWars #TheForceAwakens #art #design http://t.co/EPuteixqcc" "Sat Oct 03 16:21:36 +0000 2015" True
SahinDuezguen "SelfMade Teaser 4 upcoming #FuryRoad-Sequel #TheWasteland
@MadMaxMovie #madmax http://t.co/RckDCKcW7d" "Sun Aug 09 08:59:09 +0000 2015" True
SahinDuezguen "New Concept Art for #Batman
@BatmanvSuperman #digitalpainting #art http://t.co/2tSRA46pQc" "Sun Aug 09 08:57:32 +0000 2015" True
SahinDuezguen "RT @EW: Exclusive: 6 first look images of @BatmanVSuperman: http://t.co/OSE0O7uZFO #EWComicCon http://t.co/CJexq1W66y" "Tue Jul 07 20:28:48 +0000 2015" False
SahinDuezguen "Move, #CivilWar!
@BatmanvSuperman http://t.co/yEEYNeIC7E" "Sat Jun 27 10:24:32 +0000 2015" True
SahinDuezguen "Check out my new Official Facebook Profile...
https://t.co/l4X1DkMHp1
#facebook #artist" "Sat Jun 27 09:15:28 +0000 2015" True
SahinDuezguen "Entry for #Unitetheseven-jam on @DeviantArt. #theflash http://t.co/Mb0o9SCLGb" "Fri May 15 11:06:13 +0000 2015" True
SahinDuezguen "RT @ZackSnyder: Confirmed 4.20.15 #BatmanvSuperman @IMAX special teaser screening events. Limited space. RSVP http://t.co/TasYGlJGig
https:…" "Thu Apr 16 05:14:12 +0000 2015" False
SahinDuezguen ".@Terminator I want to unlock exclusive content and the new trailer with #TerminatorUnlock http://t.co/xFpJiLgfug" "Mon Apr 13 05:22:43 +0000 2015" True
SahinDuezguen "@zachbraff @Bluray_Dan Saw it today. Great Film. ;)" "Sat Mar 21 20:25:03 +0000 2015" True
SahinDuezguen "RT @RachieBros: #TBT All smiles with these two talent monsters @michaeljkellyjr @BeauWillimon. Miss you both. http://t.co/9OJMBPhNU0" "Fri Mar 06 03:05:35 +0000 2015" False
SahinDuezguen "A new one to shorten the wait for the #BatmanvSuperman-trailer...
@BatmanvSuperman http://t.co/aMqwn9Ulh5" "Wed Feb 11 20:09:06 +0000 2015" True
SahinDuezguen "Still no #BatmanvSuperman trailer...uuuhhhrrrggg! &gt;(" "Mon Feb 02 06:41:52 +0000 2015" True
SahinDuezguen "Doodling Eagle...
#art #sketch #eagle #animals http://t.co/fvJ32PQv8X" "Sun Jan 18 19:51:01 +0000 2015" True
SahinDuezguen "Doodling The Master... 
#art #sketch #brucelee http://t.co/eZAeBYT5AP" "Sat Jan 17 18:27:56 +0000 2015" True
SahinDuezguen "RT @EW: J.K. Rowling fires back at Rupert Murdoch's anti-Muslim tweets: http://t.co/qPRlABoeQj http://t.co/YYkshIxk4f" "Sun Jan 11 22:04:55 +0000 2015" False
SahinDuezguen "Doodling Katniss. Looking foward for #MockingjayPart2 .
#art #sketch #mockingjay #JenniferLawrence http://t.co/OC95Oa2I8O" "Sun Jan 11 12:08:15 +0000 2015" True
SahinDuezguen "Doodling @pan ... 
#art #sketch #pan #peterpan http://t.co/ZNWjMwCdWk" "Sat Jan 10 20:39:11 +0000 2015" True
SahinDuezguen "Doodling Lisbeth...
#art #sketch #lisbethsalander #thegirlwiththedragontattoo #rooneymara http://t.co/FWBnhC6xjk" "Sat Jan 10 20:30:08 +0000 2015" True
SahinDuezguen "Doodling Sherlock. Want Season 4!
#art #sketch #sherlock #BenedictCumberbatch http://t.co/fP05m5QYEw" "Sat Jan 10 20:28:04 +0000 2015" True
SahinDuezguen "RT @GreyMatterArt: GMA proudly presents, our official Terminator 2: Judgment Day poster by Gabz! On sale this Tuesday, Jan 13th! #T2 http:/…" "Thu Jan 08 17:30:35 +0000 2015" False
SahinDuezguen "Doodling Mr. J.
#joker #batman #sketch #art #doodle #SuicideSquad #JaredLeto http://t.co/AwL7ewUXq2" "Thu Jan 08 14:14:33 +0000 2015" True
SahinDuezguen "#BatmanvSuperman trailer coming. Bring it on!
@BatmanvSuperman" "Thu Jan 08 14:06:53 +0000 2015" True
SahinDuezguen "RT @ZackSnyder: Amy and Henry… and Henry… and Henry… and Henry… and Henry… https://t.co/WitUm8sSGR #ALSIceBucketChallenge #HenryCavill #Amy…" "Thu Jan 08 14:05:46 +0000 2015" False
SahinDuezguen "Doodling KStew...
#KristenStewart #sketch http://t.co/UnvyZjkDDE" "Sat Jan 03 14:48:43 +0000 2015" True
SahinDuezguen "RT @zachbraff: Putting on my 2015 jacket: http://t.co/87VDKyEXXy" "Sat Jan 03 11:24:20 +0000 2015" False
SahinDuezguen "RT @DeviantArt: ""Dream Network"" by noisecraft http://t.co/fhBIIP0Xep http://t.co/HQBwWLiJKs" "Sat Jan 03 11:24:07 +0000 2015" False
SahinDuezguen "A little Doodle-Selfie...
#art #sketch #portrait #selfie http://t.co/1xtbaFtkmP" "Fri Jan 02 23:37:52 +0000 2015" True
SahinDuezguen "The Awakening is near...
@starwars #TheForceAwakens http://t.co/KjQna698Bx" "Wed Dec 31 12:36:10 +0000 2014" True
SahinDuezguen "Happy Final 2014-Day to y'all.
#NewYearsEve #2015" "Wed Dec 31 11:53:06 +0000 2014" True
SahinDuezguen "Concept Art for @JaredLeto as Joker in Suicide Squad (2016).
#jaredleto #joker #batman #suicidesquad http://t.co/2PYvuKIwIu" "Sun Dec 28 11:28:07 +0000 2014" True
SahinDuezguen "@SuperheroFeed 
Source: http://t.co/5HCC2rg6FM" "Mon Nov 24 11:49:01 +0000 2014" True
SahinDuezguen "@SuperheroFeed Hey, thx 4 adding my CIVIL WAR Poster here and in Instagram. 

But please add source in descriptions: http://t.co/5HCC2rg6FM" "Mon Nov 24 11:41:53 +0000 2014" True
SahinDuezguen "@TMNTMovie was awesome!" "Sat Oct 18 02:09:46 +0000 2014" True
SahinDuezguen "Saw @DraculaUntold today. It was good!
#DraculaUntold" "Sun Oct 05 22:16:14 +0000 2014" True
SahinDuezguen "@zachbraff EAGLEEEE!!! 
4 U Buddy. ;) http://t.co/S3SZ4uyMF8" "Sun Sep 21 10:44:18 +0000 2014" True
SahinDuezguen "SAIYAAA! #dragonball @DragonBallZNews 
http://t.co/9aCDdpQCQh http://t.co/j26zOXg8ot" "Sun Sep 07 17:25:01 +0000 2014" True
SahinDuezguen "RT @culturevandal: @humberto_ramos @singaporetgcc Peter Parker and his multiple suits were busy being asked for a lot today at STGCC. http:…" "Sat Sep 06 21:13:51 +0000 2014" False
SahinDuezguen "Falling in Love is when your Soul has an Orgasm. - © @SahinDuezguen 
#quote #love" "Thu Sep 04 18:40:07 +0000 2014" True
SahinDuezguen "RT @Cakes_Comics: A new trilogy of screen prints from me. On sale later today. http://t.co/BtZOHYfzxn" "Thu Sep 04 14:52:08 +0000 2014" False
SahinDuezguen "RT @Filmposterart: #BornOnThisDay 26/08/80 Macaulay Culkin
#HomeAlone Poster Designer @adsimpsonstudio
@liketotally80s @ISaveHollywood http…" "Tue Aug 26 21:20:34 +0000 2014" False
SahinDuezguen "Joined @posterspy !
http://t.co/p0ZTyUwzPU" "Tue Aug 26 21:19:28 +0000 2014" True
SahinDuezguen "Season 3 Fan-Art © Me 
#hannibal @NBCHannibal http://t.co/KJzyYTXe0L" "Mon Aug 25 21:41:12 +0000 2014" True
SahinDuezguen "RT @_KateMara: Last night Stamper took Zoe on a date.
Don't tell @KevinSpacey.  
#HouseOfCards #FU http://t.co/a8my5BuDeQ" "Mon Aug 25 15:27:44 +0000 2014" False
SahinDuezguen "Luke in Episode VII
#starswars @starwars #lukeskywalker http://t.co/KJjb2aNpD1" "Fri Aug 22 16:20:11 +0000 2014" True
SahinDuezguen "RT @HomerJSimpson: One of my best moments as a father - inviting a mental patient who sounded like Michael Jackson to stay at our house. ht…" "Fri Aug 22 10:28:35 +0000 2014" False
SahinDuezguen "#ALSIceBucketChallenge #jackfrost #riseoftheguardians http://t.co/MGzz5PCeBX" "Wed Aug 20 22:45:04 +0000 2014" True
SahinDuezguen "#DawnOfThePlanetOfTheApes was awesome! Waiting for the 3rd one. SO made this. @ApesMovies http://t.co/P7Lqkccbse" "Tue Aug 19 13:10:05 +0000 2014" True
SahinDuezguen "Prepare for June 3rd, 2016! (Selfmade Fan-Art)
#tmnt2 @TMNTMovie http://t.co/TrZkJGzzbz" "Mon Aug 18 17:48:24 +0000 2014" True
SahinDuezguen "RT @TheEllenShow: #HappyBirthdayJenniferLawrence! You’ve accomplished so much, it’s astounding. I’m sure nobody remembers how you tripped a…" "Fri Aug 15 22:39:38 +0000 2014" False
SahinDuezguen "I'll be a Knight!
#harrypotter @HarryPotterFilm http://t.co/qOkWFvg2Kn" "Thu Aug 14 04:03:15 +0000 2014" True
SahinDuezguen "© Me #theshining #fanart
http://t.co/lwgB9N7MI7 http://t.co/94m9XGNxaW" "Wed Aug 13 16:19:12 +0000 2014" True
SahinDuezguen "RT @tomhanks: Let's remember the fiery genius, the long, long strings of laughter, the awe at the energy and the performances that… http://…" "Tue Aug 12 12:56:59 +0000 2014" False
SahinDuezguen "Please somebody tell me that the Robin Williams thing is another hoax...
He can’t be dead! Please no! @robinwilliams #riprobinwilliams" "Mon Aug 11 23:10:49 +0000 2014" True
SahinDuezguen "RT @starwars: Today we celebrate Ian McDairmid's 70th birthday. Good... let the birthday wishes flow through you! http://t.co/xyAA4S606d" "Mon Aug 11 22:51:00 +0000 2014" False
SahinDuezguen "RT @marie_bergeron: Here's my latest Breaking Bad piece. Will be available @HeroComplexArt soon. #breakingbad #Illustration #fanart http://…" "Mon Aug 11 15:02:19 +0000 2014" False
SahinDuezguen "Thunder take you! #mortalkombat #raiden @NetherRealm http://t.co/YGYViRdIX7" "Thu Aug 07 17:57:31 +0000 2014" True
SahinDuezguen "DOTPOTA was awesome! @ApesMovies" "Wed Aug 06 22:53:53 +0000 2014" True
SahinDuezguen "On Hoth @starwars #darthvader http://t.co/CjnktssXza" "Mon Aug 04 18:26:02 +0000 2014" True
SahinDuezguen "RT @Revolvermag: Watch Linkin Park Perform at ‘mtvU Fandom Awards,’ with Intro by ‘Kickass’ Star @ChloeGMoretz! http://t.co/qDgaJW3mGu http…" "Tue Jul 29 16:07:03 +0000 2014" False
SahinDuezguen "RT @Psilosophy: Dear diary, today I broke Batman's back. http://t.co/zemYVTOqLi" "Mon Jul 28 12:01:39 +0000 2014" False
SahinDuezguen "FACE-OFF @BatmanvSuperman #BatmanvSuperman http://t.co/GSv6lKR9zR" "Mon Jul 28 10:19:36 +0000 2014" True
SahinDuezguen "So hyped for @BatmanvSuperman right now!" "Sun Jul 27 10:38:18 +0000 2014" True
SahinDuezguen "RT @SamuelLJackson: Look who Re-Assembled w/ the Newbies @CCSD! http://t.co/GSF44nCMFX" "Sat Jul 26 20:15:31 +0000 2014" False
SahinDuezguen "I want the Comic-Con Footage of @BatmanvSuperman !
#dctrinity #comiccon #BatmanvSuperman" "Sat Jul 26 18:56:49 +0000 2014" True
SahinDuezguen "RT @Avengers: Get a look at the final 2 #Avengers: #AgeOfUltron #SDCC-exclusive concept art posters! http://t.co/2HKA163gjh http://t.co/Z50…" "Sat Jul 26 15:36:41 +0000 2014" False
SahinDuezguen "@BatmanOfNight @GregCapullo HAHAHA!" "Sat Jul 26 12:05:15 +0000 2014" True
SahinDuezguen "RT @WarnerBrosEnt: Needs no explanation... RT @ZackSnyder: #75 http://t.co/ivsugKFNU2" "Thu Jul 24 22:03:55 +0000 2014" False
SahinDuezguen "Prince V #dragonball #vegeta #anime http://t.co/WqmvuuTeqc" "Thu Jul 24 10:56:46 +0000 2014" True
SahinDuezguen "Happy Birthday, Batman! #batman #batman75" "Thu Jul 24 05:14:14 +0000 2014" True
SahinDuezguen "HaHAhaHahAhAHAhAhahA! #joker #batman #new52 http://t.co/9gGO5jc1u3" "Wed Jul 23 11:49:39 +0000 2014" True
SahinDuezguen "Juicy J, Wiz Khalifa &amp; Ty Dolla $ign -- Shell Shocked: http://t.co/ktMuB9Z4Wa via @YouTube" "Tue Jul 22 18:28:27 +0000 2014" True
SahinDuezguen "Famous faces #celebs #famous #taylorswift #mattsmith #kristenstewart #karengillan http://t.co/aoRiDV05zy" "Tue Jul 22 08:26:51 +0000 2014" True
SahinDuezguen "Entry for 5th TURTLE JAM on @deviantART @TMNTMovie #tmnt http://t.co/jU3ad3AnII" "Mon Jul 21 17:30:11 +0000 2014" True
SahinDuezguen "Waiting for @TMNTMovie" "Thu Jul 17 12:51:11 +0000 2014" True
SahinDuezguen "High-functioning Sociopath #Sherlock #BenedictCumberbatch @SherlockSH http://t.co/CLZqbpfoow" "Thu Jul 17 12:22:11 +0000 2014" True
SahinDuezguen "RT @Cakes_Comics: My GID sale is now live. http://t.co/2PWuRqD5Vr http://t.co/CtTmFQ028K" "Thu Jul 17 07:13:41 +0000 2014" False
SahinDuezguen "Which House? #sortinghat #harrypotter @HarryPotterFilm http://t.co/aC0qhNchie" "Thu Jul 17 07:09:29 +0000 2014" True
SahinDuezguen "I will break you! #bane #thedarkknightrises #batman http://t.co/kvaAcji6FD" "Wed Jul 16 08:48:03 +0000 2014" True
SahinDuezguen "@TheSimpsons @Comic_Con One of the reasons why my generation can now feel old. XD" "Tue Jul 15 16:53:51 +0000 2014" True
SahinDuezguen "RT @TheSimpsons: Are you ready @Comic_Con? #thesimpsons are! Check out the new poster and event details here: http://t.co/K86tI7zsHi http:/…" "Tue Jul 15 16:53:21 +0000 2014" False
SahinDuezguen "Get over here! @WB_Games #scorpion #mortalkombat http://t.co/9MyYgjtXmR" "Tue Jul 15 10:21:18 +0000 2014" True
SahinDuezguen "#truth #words #botox #beauty http://t.co/g32rTq8a15" "Tue Jul 15 09:20:16 +0000 2014" True
SahinDuezguen "Young CK #superman #smallville #clarkkent http://t.co/NC4nj7HJ33" "Mon Jul 14 13:19:34 +0000 2014" True
SahinDuezguen "Lookin' forward 4 Hobbit 3! #thehobbit #thorin http://t.co/W2WcGNN5WT" "Mon Jul 14 12:04:34 +0000 2014" True
SahinDuezguen "#quote #wisdom #words #live http://t.co/aqVdcCt2HA" "Sun Jul 13 18:45:47 +0000 2014" True
SahinDuezguen "Freeze! #sub_zero @WB_Games #MortalKombatX http://t.co/bMSdHL4lFM" "Sat Jul 12 16:36:45 +0000 2014" True
SahinDuezguen "Deadly Shadow #starwars #darthmaul http://t.co/HTwRUREEHC" "Fri Jul 11 13:15:27 +0000 2014" True
SahinDuezguen http://t.co/1GriZy8IFV "Fri Jul 11 11:24:10 +0000 2014" True
SahinDuezguen "Little Oldboy-Doodle during class #oldboy #sketch http://t.co/z3xSiDmtTl" "Fri Jul 11 07:28:10 +0000 2014" True
SahinDuezguen "The Shape #halloween #michaelmyers #horror http://t.co/NusaPhhEKo" "Thu Jul 10 12:16:07 +0000 2014" True
SahinDuezguen http://t.co/M0yywL8W29 "Thu Jul 10 09:34:13 +0000 2014" True
SahinDuezguen "RT @turksworks: Thanks to @EsquireUK for featuring some of my Breaking Bad artwork https://t.co/F2wWetXUo0 http://t.co/l2pTW0smmh" "Wed Jul 09 18:06:33 +0000 2014" False
SahinDuezguen "RT @OrlandoArocena: @blurppy @PosterPosse @DCComics @TheBatman 
@vectorart @Illustrator PHASE 1 Check it- http://t.co/UYS2ui1eY0 Cheers~ ht…" "Wed Jul 09 18:06:19 +0000 2014" False
SahinDuezguen "Knock! Knock! #BreakingBad @BreakingBad_AMC #walterwhite http://t.co/5TZtkejb9Z" "Wed Jul 09 12:52:23 +0000 2014" True
SahinDuezguen "Barnabas #darkshadows #JohnnyDepp http://t.co/t6lRo1K3PM" "Wed Jul 09 10:24:53 +0000 2014" True
SahinDuezguen http://t.co/lNC04nvfJV "Wed Jul 09 07:28:25 +0000 2014" True
SahinDuezguen "Clown Kingz #joker #jacknicholson #HeathLedger #batman http://t.co/2RmCs9lKw6" "Tue Jul 08 12:30:59 +0000 2014" True
SahinDuezguen "RT @HouseofCards: An unexpected weapon. http://t.co/DMOnbYs7BZ" "Mon Jul 07 18:33:31 +0000 2014" False
SahinDuezguen "Eeeaagleee! @scrubs @zachbraff #scrubs #zachbraff http://t.co/kTX4zgtkvm" "Mon Jul 07 13:05:46 +0000 2014" True
SahinDuezguen http://t.co/SFbEekJEpk "Mon Jul 07 09:19:50 +0000 2014" True
SahinDuezguen "Annie, are you ok? @michaeljackson #MichaelJackson #smoothcriminal http://t.co/c73Uv1NAIM" "Mon Jul 07 07:21:12 +0000 2014" True
SahinDuezguen "RT @BatmanvSuperman: Exclusive #BatmanvSuperman: Dawn of Justice photo and interview with director @ZackSnyder @USATODAY. http://t.co/IiXme…" "Thu Jul 03 10:38:56 +0000 2014" False
SahinDuezguen "First Levels #Pokemon http://t.co/Lz0xmYbLO7" "Wed Jul 02 08:26:35 +0000 2014" True
SahinDuezguen "The Sun is back here in #Berlin!
XD" "Wed Jul 02 06:53:48 +0000 2014" True
SahinDuezguen "RT @BryanSinger: xmenmovies #xmen http://t.co/bTCoZbeqdO" "Tue Jul 01 13:24:46 +0000 2014" False
SahinDuezguen "Cowabunga! #tmnt #teenagemutantninjaturtles http://t.co/BtbuGIp5oO" "Mon Jun 30 12:06:22 +0000 2014" True
SahinDuezguen "Maniaaac! #digital #painting http://t.co/4vhaAtllhx" "Mon Jun 30 12:03:35 +0000 2014" True
SahinDuezguen "A Dark Trilogy #thedarkknight #batman #tdk http://t.co/wyRylIYfnu" "Mon Jun 30 07:19:08 +0000 2014" True
SahinDuezguen "KAME-HAME-HA #dragonball #goku http://t.co/x0BDkmcMQR" "Mon Jun 30 07:16:13 +0000 2014" True
SahinDuezguen "Doodle Massacre for @NBCHannibal http://t.co/8uqkB3EOGf" "Sun Jun 29 20:05:12 +0000 2014" True
SahinDuezguen "Chillin'Parker @SpiderManMovie http://t.co/09xfCzAjb8" "Fri Jun 27 23:38:13 +0000 2014" True
SahinDuezguen "My Tribute to An Unexpected Journey @TheHobbitMovie @IanMcKellen #thehobbit #martinfreeman #ianmckellen http://t.co/TPO2aFW74C" "Fri Jun 27 12:15:10 +0000 2014" True
SahinDuezguen "A Tribute to a show i still miss today! @David_Boreanaz @AllCharisma @AmyAcker @AlexisDenisof @JM_Live @josswhedon http://t.co/LFdYox7A1f" "Fri Jun 27 08:50:23 +0000 2014" True
SahinDuezguen "Transformations © Sahin Düzgün @BryanCranston @BreakingBad_AMC http://t.co/irQpsblkFk" "Fri Jun 27 08:42:44 +0000 2014" True
SahinDuezguen "...for Michael © Sahin Düzgün @michaeljackson http://t.co/F9jiNWaxhe" "Fri Jun 27 08:40:25 +0000 2014" True
SahinDuezguen "Bring it on, Suckers! © SahinDuezguen @RealSMG @btvsonline http://t.co/8PTO5upAnw" "Fri Jun 27 08:39:10 +0000 2014" True
SahinDuezguen "Dark Apprentices @starwars 
http://t.co/cghzdN8BKt http://t.co/dD0Obv8LVe" "Fri Jun 27 08:27:02 +0000 2014" True
SahinDuezguen "BiZaRrO @DCComics 
http://t.co/pSBn0y351Q http://t.co/7BCho5amXY" "Fri Jun 27 08:19:46 +0000 2014" True
SahinDuezguen "@ School #cimdata http://t.co/CSDxL68gw1" "Thu Jun 26 09:38:22 +0000 2014" True
SahinDuezguen "Horror Clash #FreddyKrueger #JasonVorhees
http://t.co/zacGHiTUCf http://t.co/DRYtIQPLrN" "Thu Jun 26 09:07:09 +0000 2014" True
SahinDuezguen "@alydenisof Too adorable!" "Thu Jun 26 09:00:09 +0000 2014" True
SahinDuezguen "RT @_Christine2013: @Kimmiecoomd RT @DESPOPART: It's SUPERMAN...https://t.co/4KlXAXIkEp" "Thu Jun 26 08:00:27 +0000 2014" False
SahinDuezguen "King is in Town #GodzillaMovie
http://t.co/3li7tEljrc http://t.co/9d9sfmkRNO" "Thu Jun 26 07:19:11 +0000 2014" True
SahinDuezguen "Logo Redesigns http://t.co/LQDPli4jHt http://t.co/U9KYedcPLs" "Wed Jun 25 13:44:59 +0000 2014" True
SahinDuezguen "Check out my Paintings and Designs on http://t.co/lwgB9N7MI7" "Wed Jun 25 13:11:43 +0000 2014" True
SahinDuezguen "Hey y'all!" "Wed Jun 25 12:20:06 +0000 2014" True
SahinDuezguen "@RobertsEmma Look who's brunette again! ;)" "Wed Jun 25 12:10:07 +0000 2014" True
