tsidqenu19 "- the only way to lose a game of chess, is to not learn anything after the game is over." "Thu May 18 07:38:19 +0000 2017" True
tsidqenu19 "- don't let nobody walk over you
simple but serious" "Mon May 08 00:19:39 +0000 2017" True
tsidqenu19 "- learning Love for self everyday;
I wouldn’t say I am at the peak" "Tue May 02 00:56:41 +0000 2017" True
tsidqenu19 "- even if you heard them, listen again;
three times, and understand deeper." "Mon May 01 00:14:47 +0000 2017" True
tsidqenu19 "- new muzik! a short, quick 3 track ep; bodymindsoul: https://t.co/jJKSbOjMBW" "Sat Apr 29 14:54:25 +0000 2017" True
tsidqenu19 "- is she the one that got away,
or the one you pushed away?" "Sun Apr 23 03:48:20 +0000 2017" True
tsidqenu19 "- the best and worst thing I’ve ever done for someone else, is to know them completely." "Wed Apr 05 03:27:48 +0000 2017" True
tsidqenu19 "- ""when they reminisce over you, my God.""" "Tue Apr 04 05:01:52 +0000 2017" True
tsidqenu19 "- ... it is a contradicting conundrum, questioningly. for ""nothing lasts forever"", except the very essence of all things." "Fri Mar 31 01:01:41 +0000 2017" True
tsidqenu19 "- ""forever"" is a theory;
an illogical psyche concoction composed of what we want, what we don't, and what it is ..." "Fri Mar 31 01:01:19 +0000 2017" True
tsidqenu19 "@JordanPeele - wish I knew your contact email. or another social media way to reach you. I have an idea ..." "Tue Mar 21 11:11:56 +0000 2017" True
tsidqenu19 "- stay away from drugs;
only smoke true marijuana." "Sat Mar 04 03:43:10 +0000 2017" True
tsidqenu19 "- you only have two vibes;
either it's fear, or it's Love" "Thu Mar 02 19:48:55 +0000 2017" True
tsidqenu19 "- sorry baby girl,
but I gotta stay focused" "Tue Feb 28 22:25:08 +0000 2017" True
tsidqenu19 "- sigh ...
keep flowing like the Jordan;
keep patient like the Lake." "Fri Feb 24 02:28:10 +0000 2017" True
tsidqenu19 "- everyone you meet has both, a story to tell and a lesson to teach." "Tue Feb 21 01:08:18 +0000 2017" True
tsidqenu19 "- Love thyself" "Tue Feb 14 16:48:12 +0000 2017" True
tsidqenu19 "- only time my back is against the wall for long, is when I am eating." "Wed Feb 08 21:10:27 +0000 2017" True
tsidqenu19 "- don't wait for somebody else, or something else, or anything else; handle yours." "Wed Feb 08 18:57:12 +0000 2017" True
tsidqenu19 "- remember people, it's never too late to get yo ish together. even if you think it is, still better late than never." "Wed Feb 08 18:56:54 +0000 2017" True
tsidqenu19 "I made up my mind
I embrace my passion
- I submit to Love" "Tue Feb 07 23:31:59 +0000 2017" True
tsidqenu19 "- with all these alarm clocks going off, there's no excuse to still be sleep in amerika." "Tue Feb 07 03:13:54 +0000 2017" True
tsidqenu19 "- a wise man once said, ""you don't know my struggle, so you can't feel my hustle.""" "Sat Feb 04 01:59:43 +0000 2017" True
tsidqenu19 "- true Love is getting/being healthy together." "Wed Feb 01 12:22:00 +0000 2017" True
tsidqenu19 "- ""music is a spiritual thing.
you don't play with music.""" "Wed Feb 01 06:54:58 +0000 2017" True
tsidqenu19 "- sometimes you gotta high step back and read yourself." "Sat Jan 28 15:25:17 +0000 2017" True
tsidqenu19 "- ""just think, if niggaz decide to retaliate!""" "Sun Jan 22 21:26:30 +0000 2017" True
tsidqenu19 "- my intuition is my super power" "Sat Jan 21 14:44:19 +0000 2017" True
tsidqenu19 "- ""blood is thicker than water""
until you're dying of thirst" "Fri Jan 20 01:53:31 +0000 2017" True
tsidqenu19 "- thinking about making new muzik ..." "Sat Jan 14 17:14:23 +0000 2017" True
tsidqenu19 "- this life I live.
right now, all I want is some weed and some sleep." "Sat Jan 14 00:23:55 +0000 2017" True
tsidqenu19 "- the moon looks so smooth tonight. go best friend!" "Thu Jan 12 00:13:43 +0000 2017" True
tsidqenu19 "- ""I can't sleep cause I'm paranoid;
Black in a white man territory""" "Fri Jan 06 02:25:09 +0000 2017" True
tsidqenu19 "- ever been so cold outside that you get mad?" "Wed Jan 04 11:56:58 +0000 2017" True
tsidqenu19 "- Imani; faith
hope, promises, rebirth" "Sun Jan 01 13:54:34 +0000 2017" True
tsidqenu19 "- Kuumba; creativity 
thoughts, crafts, story-telling" "Sat Dec 31 12:53:06 +0000 2016" True
tsidqenu19 "- Nia; purpose 
destiny, fate, meaning" "Fri Dec 30 12:36:03 +0000 2016" True
tsidqenu19 "- Ujamaa; cooperative economics
building, resources, support" "Thu Dec 29 12:29:40 +0000 2016" True
tsidqenu19 "- Ujima; collective work
responsibility, bond, family" "Thu Dec 29 12:29:06 +0000 2016" True
tsidqenu19 "- Kujichagulia; self-determination
believe, strive, achieve" "Tue Dec 27 12:54:22 +0000 2016" True
tsidqenu19 "- Umoja; unity
practice, respect, consider" "Mon Dec 26 09:30:03 +0000 2016" True
tsidqenu19 "- Heri za Kwanzaa | Black owned business; online

https://t.co/38Mxb6F1TM" "Mon Dec 26 09:17:37 +0000 2016" True
tsidqenu19 "Fresh: Tryin https://t.co/i8vEbLfOVH on #SoundCloud" "Thu Dec 22 02:44:27 +0000 2016" True
tsidqenu19 "- seek, get wiser
&amp; vibrate higher" "Tue Dec 06 06:30:32 +0000 2016" True
tsidqenu19 "- just remember that which I told you" "Sun Nov 27 20:30:31 +0000 2016" True
tsidqenu19 "- ""Niggers Are Scared of Revolution"" | The Last Poets" "Tue Nov 08 01:05:47 +0000 2016" True
tsidqenu19 "- ""don't save ha; she don't wanna be saved!" "Sun Nov 06 07:05:52 +0000 2016" True
tsidqenu19 "- I hope one day @JColeNC hears my music and peeps my wisdom and realize he needs to contact me." "Sat Nov 05 22:29:55 +0000 2016" True
tsidqenu19 "- check yaself before you wreck yaself" "Sat Oct 29 16:55:00 +0000 2016" True
tsidqenu19 "- keep ya negative energy to yourself. my healing pool is closed." "Thu Oct 27 04:03:16 +0000 2016" True
tsidqenu19 "- ""To believe GOD is more in the book and less in the tree is preposterous."" | Mwanga Tsidqenu" "Tue Oct 25 02:41:28 +0000 2016" True
tsidqenu19 "anything not learning, ain't growing;
anything not growing, is dead.
- so live on." "Thu Oct 20 23:31:49 +0000 2016" True
tsidqenu19 "- UUB!" "Tue Oct 18 10:44:35 +0000 2016" True
tsidqenu19 "- one day, all them bags gone get in yo way; so pack light!
bag lady, I betcha Love will make it better" "Tue Oct 18 05:25:00 +0000 2016" True
tsidqenu19 "- spread Love" "Sat Oct 15 15:23:30 +0000 2016" True
tsidqenu19 "- season of release; let go ..." "Fri Oct 14 02:20:59 +0000 2016" True
tsidqenu19 "- prophecy" "Thu Oct 13 22:50:26 +0000 2016" True
tsidqenu19 "- 🎶 ""Where Do We Go From Here"" | Tupac" "Mon Oct 10 22:01:22 +0000 2016" True
tsidqenu19 "- I am so done with amerika. for real. I just wanna go home, and let these folks just have it. take it. even the Blacks that wanna stay." "Mon Oct 10 17:15:49 +0000 2016" True
tsidqenu19 "- the mind is a terrible thing to waste;
the mind is an impossible thing to replace." "Wed Oct 05 16:57:46 +0000 2016" True
tsidqenu19 "- there's more power in where you place your time, energy and attention." "Wed Oct 05 16:56:53 +0000 2016" True
tsidqenu19 "- happy Black History month ...
yea, I know it's October
#Black #everymonth #everyday" "Wed Oct 05 16:41:49 +0000 2016" True
tsidqenu19 "even if you’re underground and they ain’t deep enough to dig ya;
- keep shining, diamond." "Tue Oct 04 01:02:49 +0000 2016" True
tsidqenu19 "- speak positive;
cure nonsense." "Tue Oct 04 00:32:14 +0000 2016" True
tsidqenu19 "- [re]focus" "Wed Sep 28 23:17:06 +0000 2016" True
tsidqenu19 "- ^ up, you mighty race, you can accomplish what you will!" "Mon Sep 26 03:53:09 +0000 2016" True
tsidqenu19 "- when you appreciate and care for the flowers already in your garden, more will grow. blessings." "Sun Sep 25 20:24:30 +0000 2016" True
tsidqenu19 "- truth does not change, only our awareness of it." "Sun Sep 25 15:15:10 +0000 2016" True
tsidqenu19 "- something will happen when enough of us know" "Sun Sep 25 14:07:34 +0000 2016" True
tsidqenu19 "- wake up ^ #GoodMuzik #soulful #GODflow #Black #Ready

https://t.co/puBX9MXnb5" "Sat Sep 24 10:28:08 +0000 2016" True
tsidqenu19 "- everybody want some bread,
but nobody wants to bake it.

- everybody want a chance;
but nobody wants to take it." "Thu Sep 22 03:35:47 +0000 2016" True
tsidqenu19 "- if you really know,
you won't spill too much

- if you think you know;
you'll ramble on and on" "Thu Sep 22 03:13:10 +0000 2016" True
tsidqenu19 "- yo @MosDefOfficial please listen to a song I made on my ^Ready piece project; I used a beat you rapped on: https://t.co/ATujs1newA" "Tue Sep 20 12:00:01 +0000 2016" True
tsidqenu19 "- yo @common please listen to a song I made on my ^Ready piece project; I used a beat you rapped on: https://t.co/pPXgU4Wtkm" "Tue Sep 20 11:55:43 +0000 2016" True
tsidqenu19 "- yo @JohnnyPmusic please listen to a song I made on my ^Ready piece project; I used a beat you sung on: https://t.co/xXY1UMIjtI" "Tue Sep 20 11:41:31 +0000 2016" True
tsidqenu19 "- yo @BrotherMob please listen to a song I made on my ^Ready piece project; I used a beat you rapped on: https://t.co/xXY1UMIjtI" "Tue Sep 20 11:39:54 +0000 2016" True
tsidqenu19 "- yo @Drake please listen to a song I made on my ^Ready piece project; I used a beat you rapped on: https://t.co/ahbBawJILY" "Tue Sep 20 11:38:42 +0000 2016" True
tsidqenu19 "- yo @rickyrozay please listen to a song I made on my ^Ready piece project; I used a beat you rapped on: https://t.co/ahbBawJILY" "Tue Sep 20 11:38:22 +0000 2016" True
tsidqenu19 "- Queen @ChrisetteM please listen to a song I made on my ^Ready piece project; I used a beat you sung on: https://t.co/ahbBawJILY" "Tue Sep 20 11:34:32 +0000 2016" True
tsidqenu19 "- mama @fatbellybella please listen to a track I made, upon the ^Ready piece project; I used your beat on it: https://t.co/pPXgU4Wtkm" "Tue Sep 20 11:30:10 +0000 2016" True
tsidqenu19 "- ^Ready 🎶 tomorrow I make 25 years by human; and my gift to you all… https://t.co/6NIWcAx1el" "Sun Sep 18 19:53:33 +0000 2016" True
tsidqenu19 "- ^Ready 🎶 in 2 days, I make 25 years by human; and my gift to you… https://t.co/nWOnImBvlU" "Sat Sep 17 23:30:39 +0000 2016" True
tsidqenu19 "- ^Ready 🎶 in 3 days, I make 25 years by human; and my gift to you… https://t.co/Yu8ZqfoSbD" "Fri Sep 16 17:06:01 +0000 2016" True
tsidqenu19 "- big fish in a big pond;
getting it" "Wed Sep 07 07:34:19 +0000 2016" True
tsidqenu19 "- gonna be one cold winter ..." "Sat Sep 03 14:23:16 +0000 2016" True
tsidqenu19 "- it’s the first, of September.
this my month!
blessed month." "Thu Sep 01 12:03:18 +0000 2016" True
tsidqenu19 "- throwback south florida muzik" "Thu Aug 25 02:05:36 +0000 2016" True
tsidqenu19 "- Love your life. take it not lightly, or for granted ..." "Wed Aug 24 05:23:16 +0000 2016" True
tsidqenu19 "- you won’t be able to conquer everyone’s darkness yourself; they too, will have to put up a fight." "Sat Aug 13 05:59:16 +0000 2016" True
tsidqenu19 "- focus on the good" "Thu Aug 11 05:08:41 +0000 2016" True
tsidqenu19 "- the age of robots. look and see, you've already claimed your shackles as part of you; comfortable enslavement." "Thu Aug 04 19:00:44 +0000 2016" True
tsidqenu19 "- just like any other dream, you gotta wake up to manifest it." "Tue Aug 02 20:19:30 +0000 2016" True
tsidqenu19 "- don't wait till they make another sista or brotha a hashtag and toetag number." "Tue Aug 02 20:19:05 +0000 2016" True
tsidqenu19 "- until my people wake up and get serious about their liberation, we all will remain enslaved and inhumanly treated." "Tue Aug 02 20:18:40 +0000 2016" True
tsidqenu19 "giving up is the worst defeat;
- unbelief can be deadly." "Sun Jul 31 23:42:16 +0000 2016" True
tsidqenu19 "- I am here for this!
https://t.co/EsPYaBtTZo" "Sun Jul 31 01:05:14 +0000 2016" True
tsidqenu19 "- ""revolution is about change, and the first place the change begins is in yourself.""" "Fri Jul 29 11:14:35 +0000 2016" True
tsidqenu19 """you're my brother but your eyes are cold;
you're my sister but your womb is bare""" "Tue Jul 26 08:27:33 +0000 2016" True
tsidqenu19 "- unk @Nas listen to my new song please. I put a great amount of thought and heart into this; soulful
https://t.co/ledOliBiXO" "Sun Jul 24 02:59:42 +0000 2016" True
tsidqenu19 "- bro @kendricklamar listen to my new song please. I put a great amount of thought and heart into this; soulful
https://t.co/ledOliBiXO" "Sun Jul 24 02:59:03 +0000 2016" True
tsidqenu19 "- bro @JColeNC listen to my new song please. I put a great amount of thought and heart into this; soulful
https://t.co/ledOliBiXO" "Sun Jul 24 02:58:32 +0000 2016" True
tsidqenu19 "- mama @fatbellybella listen to my new song please. I put a great amount of thought and heart into this; soulful
https://t.co/ledOliBiXO" "Sun Jul 24 02:54:36 +0000 2016" True
tsidqenu19 "- Black is so wonderful!" "Tue Jul 19 08:17:54 +0000 2016" True
tsidqenu19 "- #Black
https://t.co/6NwPLcsIpP" "Tue Jul 19 02:14:00 +0000 2016" True
tsidqenu19 "I don't speak for all men, and I don't speak for all Blacks.
- but I am a man that Loves women, and a Black that Loves Black." "Mon Jul 18 06:45:23 +0000 2016" True
tsidqenu19 "- energy is contagious.
so, regulate accordingly." "Sun Jul 17 23:29:36 +0000 2016" True
tsidqenu19 "- stop searching everywhere for GOD when Et stands right there in your face." "Wed Jul 13 21:45:47 +0000 2016" True
tsidqenu19 "- y'all better recognize, support, protect, uplift and Love the Black Woman!" "Wed Jul 13 21:45:33 +0000 2016" True
tsidqenu19 "- Black Love baby,
Black Love" "Sun Jul 10 08:23:50 +0000 2016" True
tsidqenu19 "- Black gangs unite, one color. Black artists unite, one canvas. Black cities unite, one nation. Black people unite, one tribe." "Sat Jul 09 17:18:52 +0000 2016" True
tsidqenu19 "- our ancestors looking upon us right now like, ""what's up! remember us? call on us, tag us in. y'all need us! we need y'all to need us!!""" "Sat Jul 09 05:21:39 +0000 2016" True
tsidqenu19 "- I feel like I have to; no one else will." "Fri Jul 08 03:48:54 +0000 2016" True
tsidqenu19 "- headed back to where I am from, until I can leave this place for good. Traveled the entire states of america." "Mon Jul 04 23:47:15 +0000 2016" True
tsidqenu19 "- I wish money wasn't created; I wish we didn't need it now." "Mon Jul 04 20:10:25 +0000 2016" True
tsidqenu19 "- blessings abound!
mines around the corner.
yours too; just chill." "Sun Jul 03 06:58:16 +0000 2016" True
tsidqenu19 "- let's reup the Black Panther Party" "Sat Jul 02 04:25:04 +0000 2016" True
tsidqenu19 "- keep your mundane and stagnant; I want what no man has had yet." "Fri Jul 01 01:56:52 +0000 2016" True
tsidqenu19 "- take care, today" "Mon Jun 27 18:01:04 +0000 2016" True
tsidqenu19 "- 13th stanza: Solutions?
https://t.co/hfa2UWHkwC" "Sun Jun 26 07:41:02 +0000 2016" True
tsidqenu19 "- 10th stanza: African Spirituality
https://t.co/LuINfNfLx2" "Sun Jun 26 07:40:04 +0000 2016" True
tsidqenu19 "- 8th stanza: Plants and Nature
https://t.co/6hDXAaZWGj" "Sun Jun 26 07:39:19 +0000 2016" True
tsidqenu19 "- 5th stanza: Black Economics
https://t.co/jieurhCQR6" "Sun Jun 26 07:38:43 +0000 2016" True
tsidqenu19 "- 1st stanza: the time of the ReGeneration is now: https://t.co/Jj3YQJVc1Q" "Sun Jun 26 07:37:04 +0000 2016" True
tsidqenu19 "- I am really trying to be cool ... I don't fit here. I feel opposition. I mean, I am my own cool." "Fri Jun 24 04:27:04 +0000 2016" True
tsidqenu19 "- I am all about that Black" "Thu Jun 23 02:28:49 +0000 2016" True
tsidqenu19 "- different season, different focus point; y'all always looking for somebody to worship" "Thu Jun 23 00:27:27 +0000 2016" True
tsidqenu19 "- maybe I'll stay and continue trying to uplift, knowing it's painful. maybe I'll disappear and let y'all keep this s--t for yourself. idk" "Wed Jun 22 21:24:11 +0000 2016" True
tsidqenu19 "- chill day; forreal" "Wed Jun 22 04:12:16 +0000 2016" True
tsidqenu19 "- I handle this today for the grace of tomorrow. I'll go through it, I'll get to it." "Wed Jun 22 02:07:46 +0000 2016" True
tsidqenu19 "- live by the dollar, die by the dollar;" "Tue Jun 21 23:32:01 +0000 2016" True
tsidqenu19 "- you were not born to just go to school, work, work more, pay some bills, and die." "Tue Jun 21 23:31:37 +0000 2016" True
tsidqenu19 "- deeper and higher friends and family." "Tue Jun 21 12:52:25 +0000 2016" True
tsidqenu19 "- I just want to be alone ... often ...
the way people feel about that, make me feel like I am wrong for that." "Mon Jun 20 23:34:58 +0000 2016" True
tsidqenu19 "- don't be distracted" "Mon Jun 20 23:26:11 +0000 2016" True
tsidqenu19 "- ""I have no fear! I only have ambition!"" | Pac" "Mon Jun 20 05:30:09 +0000 2016" True
tsidqenu19 "- moving day is not for the weak. lol. we survived." "Mon Jun 20 02:17:50 +0000 2016" True
tsidqenu19 "- I am the keeper of the flame" "Sun Jun 19 05:55:33 +0000 2016" True
tsidqenu19 "- natural green tea.
yuk, but yum.
idk." "Sun Jun 19 03:48:05 +0000 2016" True
tsidqenu19 "- as I search for things to say to cure my Black people's blues;
I like to start with this quote, ""stop watching the news""." "Fri Jun 17 07:45:29 +0000 2016" True
tsidqenu19 "- the importance of the Black family" "Fri Jun 17 06:31:35 +0000 2016" True
tsidqenu19 "- I am the most paradoxal one" "Thu Jun 16 13:36:11 +0000 2016" True
tsidqenu19 "- not dead, but out of reach. that’s word …" "Thu Jun 16 06:02:56 +0000 2016" True
tsidqenu19 "- or read what I wrote, or feel realize my purpose, I will be gone." "Thu Jun 16 06:02:40 +0000 2016" True
tsidqenu19 "- by the time the majority of you all receive what’s been sent out, or hear what I said" "Thu Jun 16 06:02:21 +0000 2016" True
tsidqenu19 "- I am far ahead of my time; if I may predict so myself." "Thu Jun 16 06:01:47 +0000 2016" True
tsidqenu19 "- sumin' outta nothin'" "Thu Jun 16 00:30:41 +0000 2016" True
tsidqenu19 "- it's none of my business what another thinks of me. I just do what I can and be the best me." "Wed Jun 15 20:30:44 +0000 2016" True
tsidqenu19 "- nostalgia ultra for real,
but the only way up is forward.
something like that; just don't live in the past." "Wed Jun 15 06:41:36 +0000 2016" True
tsidqenu19 "- such an unfortunate way to live, to die // relevant feelings." "Mon Jun 13 21:08:44 +0000 2016" True
tsidqenu19 "- ... or unrecognized, underrated, underestimated, taken lightly, or forgotten ..." "Mon Jun 13 21:08:27 +0000 2016" True
tsidqenu19 "- to hold something vital to the redemption and survival of humankind, and to be unnoticed ..." "Mon Jun 13 21:08:08 +0000 2016" True
tsidqenu19 "- others were noticed, and forgotten. there were many more that didn't get paid attention to, as they were passed by." "Mon Jun 13 21:07:39 +0000 2016" True
tsidqenu19 "- we received many ancestors, saviors and prophets to enlighten and save us. many were noticed, and killed." "Mon Jun 13 21:07:13 +0000 2016" True
tsidqenu19 "- I feel as though I can read minds. sometimes, I believe I even can see into the future. my dreams be on it." "Mon Jun 13 19:53:49 +0000 2016" True
tsidqenu19 "- do I remind you of someone you haven't seen in awhile?" "Tue May 31 22:28:21 +0000 2016" True
tsidqenu19 "- a prophet is beautifully and soulfully grafted in the cosmos, but shunned where he or she is born." "Thu May 19 10:32:41 +0000 2016" True
tsidqenu19 "- I say so little but mean so much; the rest is on you &amp; us collectively." "Tue May 17 13:41:06 +0000 2016" True
tsidqenu19 "- I say we now wake up, remember, unite, regenerate." "Tue May 17 13:40:52 +0000 2016" True
tsidqenu19 "- I came a long way; time and space traveller" "Tue May 17 05:06:18 +0000 2016" True
tsidqenu19 "- Bronx been real
https://t.co/Y12DiTjNe2" "Mon May 16 05:48:56 +0000 2016" True
tsidqenu19 "- as deep as our roots; as high as our ancestors." "Sat May 07 05:51:53 +0000 2016" True
tsidqenu19 "- read chapter 5" "Wed May 04 18:23:36 +0000 2016" True
tsidqenu19 "- awaken" "Tue May 03 15:58:16 +0000 2016" True
tsidqenu19 "- what if it were nationwide? worldwide?
what if it lasted a year? a decade?" "Sun May 01 20:24:34 +0000 2016" True
tsidqenu19 "- if there were to be a statewide power outage, that lasted for a week, could you survive?" "Sun May 01 20:24:23 +0000 2016" True
tsidqenu19 "- ""I shall, proceed, and continue, to rock tha mic"" | The Roots" "Sun May 01 20:18:58 +0000 2016" True
tsidqenu19 "- the time has come for the Black people to forget their hero worship of other races and to remember and emulate heros of their own." "Sun May 01 16:59:39 +0000 2016" True
tsidqenu19 "seek GOD, not earthly profit;
know the prophet,
and get grace.
- feel me?" "Sat Apr 30 00:24:25 +0000 2016" True
tsidqenu19 "- the real revolution is the evolution of consciousness *" "Fri Apr 29 18:37:29 +0000 2016" True
tsidqenu19 "- good vibrations!" "Fri Apr 29 13:23:52 +0000 2016" True
tsidqenu19 "- free your mind and your ass will follow." "Fri Apr 29 13:21:20 +0000 2016" True
tsidqenu19 "- you rise as high as your dominant aspiration. you descend to the level of your lowest concept of your self." "Fri Apr 29 13:20:50 +0000 2016" True
tsidqenu19 "- marijuana is against the law!
.
.
.
.
but so I am, so ..." "Thu Apr 28 23:26:16 +0000 2016" True
tsidqenu19 "- understand the depths of that quote, and its relevance to today." "Thu Apr 28 19:41:02 +0000 2016" True
tsidqenu19 "- ""I freed a thousand slaves. I could have freed a thousand more if only they knew they were slaves."" | Harriet Tubman" "Thu Apr 28 19:40:41 +0000 2016" True
tsidqenu19 "- it'll be be cool if y'all let go of weave too, but I know I gotta come back another time for that one." "Thu Apr 28 04:25:39 +0000 2016" True
tsidqenu19 "- I may be speaking outta my range and criteria, but hear me and understand; sisters, no more perms. ok? say no to perms!" "Thu Apr 28 04:25:21 +0000 2016" True
tsidqenu19 "- this is all bigger than You and I, bigger than life. let's do it. let's become the very essence of transcendent, of omnipotent; of GOD" "Wed Apr 27 18:43:39 +0000 2016" True
tsidqenu19 "- sleep? what dat mean?" "Thu Apr 21 09:47:47 +0000 2016" True
tsidqenu19 "- I can't stand people that just gossip gossip gossip gossip gossip gossip gossip ; stop! ewh" "Thu Apr 21 02:56:56 +0000 2016" True
tsidqenu19 "- I was on the radio today. aye! babysteps." "Tue Apr 19 00:10:12 +0000 2016" True
tsidqenu19 "- I stepped in the vicinity, and all these people started staring." "Mon Apr 18 17:14:47 +0000 2016" True
tsidqenu19 "- acceptance is a step too; I've already accepted it." "Mon Apr 18 14:26:10 +0000 2016" True
tsidqenu19 "- watch me be the only one awoke in the world tonight, again. weird, I hardly sleep yet always dream." "Mon Apr 18 04:31:33 +0000 2016" True
tsidqenu19 "- know this, you gotta heal yourself, Love yourself; ain't nobody else gone do it like you." "Mon Apr 18 03:19:51 +0000 2016" True
tsidqenu19 "- everybody isn't going to Love you. most people don't even Love themselves." "Mon Apr 18 02:50:08 +0000 2016" True
tsidqenu19 "- the mysterious disappearance of the indubitable King" "Mon Apr 18 02:39:47 +0000 2016" True
tsidqenu19 "- putting the pieces together; literally." "Mon Apr 18 00:18:52 +0000 2016" True
tsidqenu19 "- you're subscribed to me? why? I am always the one remaining woke, you're sleep when my mind is in this mode." "Sun Apr 17 07:32:32 +0000 2016" True
tsidqenu19 "- p(א0) ... I am such a nerd. lol" "Sun Apr 17 07:09:17 +0000 2016" True
tsidqenu19 "- ain't nobody reading this; if they are, what's up fam? until then, I'll just let it be. so when I am famous, they'll reread. lol" "Sun Apr 17 06:15:38 +0000 2016" True
tsidqenu19 "- live a great story ☥" "Sun Apr 17 06:05:55 +0000 2016" True
tsidqenu19 "- even superman had sumin on his chest" "Sat Apr 16 04:48:04 +0000 2016" True
tsidqenu19 "though my answer will remain the same. ""no. I got this""" "Sat Apr 16 04:28:25 +0000 2016" True
tsidqenu19 "- see, the thing with being strong is, no one asks if things are too heavy;" "Sat Apr 16 04:28:13 +0000 2016" True
tsidqenu19 "- I am one with the silent darkness" "Sat Apr 16 03:59:20 +0000 2016" True
tsidqenu19 "@fatbellybella - this world ain't ready for the real truth!" "Sat Apr 16 02:20:41 +0000 2016" True
tsidqenu19 "@fatbellybella - MamaBadu, you know more than I of the hypocrisy of the world. so this goes without saying, but please keep going and saying" "Sat Apr 16 02:20:07 +0000 2016" True
tsidqenu19 "@fatbellybella - and yes, older males need to play their roles, and so do older woman." "Sat Apr 16 02:18:59 +0000 2016" True
tsidqenu19 "@fatbellybella - so, yes, young girls need dress their part, and so should young males." "Sat Apr 16 02:18:28 +0000 2016" True
tsidqenu19 "@fatbellybella - though same in creature, humans differ in sex, color, religion and beliefs. accordingly, each has a different ritual &amp; code" "Sat Apr 16 02:17:42 +0000 2016" True
tsidqenu19 "- changes" "Fri Apr 15 23:18:06 +0000 2016" True
tsidqenu19 "- different levels for different minds.
different plains for different people." "Fri Apr 15 18:38:41 +0000 2016" True
tsidqenu19 "- just know, not too many people trying wake up for real" "Fri Apr 15 18:26:51 +0000 2016" True
tsidqenu19 "- a mind righter" "Sun Apr 03 05:16:11 +0000 2016" True
tsidqenu19 "- fear my voodoo only if your own magic is evil" "Tue Feb 16 17:58:07 +0000 2016" True
tsidqenu19 "- all these social networks, no type of social skills." "Sun Jan 31 06:32:14 +0000 2016" True
tsidqenu19 "- major chill before work; major mission" "Fri Jan 29 19:47:36 +0000 2016" True
tsidqenu19 "- so, use ya imagination." "Tue Jan 26 07:35:18 +0000 2016" True
tsidqenu19 "- gossip, gossip. stop the madness!" "Mon Jan 25 02:02:15 +0000 2016" True
tsidqenu19 "- I need this alone time. Cause errthang starting to aggravate me, and I don't want to beat nobody up." "Fri Jan 22 21:39:53 +0000 2016" True
tsidqenu19 "- #BlackLoveMatters" "Wed Jan 20 19:09:30 +0000 2016" True
tsidqenu19 "- life is good, skr8 up" "Mon Jan 18 03:14:18 +0000 2016" True
tsidqenu19 "- assist my empire build, or just watch my empire build;
that part is up to you." "Thu Jan 07 18:30:11 +0000 2016" True
tsidqenu19 "- today is the day that everything will change, and more and more changes will happen in the following days." "Wed Jan 06 15:19:10 +0000 2016" True
tsidqenu19 "- zoned" "Sat Jan 02 00:00:03 +0000 2016" True
tsidqenu19 "- cherry wine 🎶" "Fri Jan 01 19:39:06 +0000 2016" True
tsidqenu19 "- but I gave florida so much of me. imagine me staying in one place forever ... yea, no." "Tue Dec 22 00:58:33 +0000 2015" True
tsidqenu19 "- a butterfly boy, ya know?" "Tue Dec 22 00:54:37 +0000 2015" True
tsidqenu19 "- america is a pimp and a player,
a hustler and a hater." "Wed Dec 16 12:19:25 +0000 2015" True
tsidqenu19 "- Got a problem with the handouts, I took the man route." "Wed Dec 16 00:46:59 +0000 2015" True
tsidqenu19 "- One of us don't care enough, I sometimes think it's me" "Fri Dec 11 16:43:27 +0000 2015" True
tsidqenu19 "- People suck, most times; don't trip." "Fri Dec 11 01:23:23 +0000 2015" True
tsidqenu19 "- The mysterious disappearance of the indubitable King." "Sun Dec 06 13:23:57 +0000 2015" True
tsidqenu19 "- Here it goes ..." "Sat Dec 05 03:51:54 +0000 2015" True
tsidqenu19 "- Eban &amp; Sankofa" "Wed Dec 02 14:05:05 +0000 2015" True
tsidqenu19 "- GOD is good; blessings abound" "Tue Dec 01 19:56:55 +0000 2015" True
tsidqenu19 "- I am becoming attractive and attracted in deep levels. Powerful powers and extra-active interactions. Oh, GOD moves and is moved; ya know." "Sun Nov 29 19:19:25 +0000 2015" True
tsidqenu19 "- My mother told me ""let GOD have it"" this morning, and ""me 1st"". I didn't connect or fully understand, but now I see she knew." "Fri Nov 27 19:23:02 +0000 2015" True
tsidqenu19 "- Woke me up, brought me up to new revelations." "Fri Nov 27 04:17:53 +0000 2015" True
tsidqenu19 "- All I wanted was some conversations." "Fri Nov 27 04:17:32 +0000 2015" True
tsidqenu19 "- Wake up ..." "Thu Nov 26 20:18:37 +0000 2015" True
tsidqenu19 "- I can't do the whole ""hold the block"" thing ... I gotta move, I don't like to always been seen" "Tue Nov 24 20:49:24 +0000 2015" True
tsidqenu19 "- Nickels and Dimes" "Fri Nov 13 19:48:56 +0000 2015" True
tsidqenu19 "- I am so tired! I ain't giving up though ..." "Wed Nov 11 00:53:46 +0000 2015" True
tsidqenu19 "- Twice upon a time there was a boy that died, lived happily ever after, but that's another chapter." "Sun Nov 08 02:37:36 +0000 2015" True
tsidqenu19 "- Interesting day" "Wed Nov 04 08:03:08 +0000 2015" True
tsidqenu19 "- Your soulmate will Love you how you want to be Loved ...
... Right?" "Tue Nov 03 05:42:38 +0000 2015" True
tsidqenu19 "- This sucks. I handle it." "Tue Nov 03 05:30:22 +0000 2015" True
tsidqenu19 "- Of course, they all mimic Martha ..." "Tue Nov 03 02:49:27 +0000 2015" True
tsidqenu19 "- At times, I would think about the story of Mary and Martha from the Bible.
You know of that one?" "Tue Nov 03 02:43:13 +0000 2015" True
tsidqenu19 "- Marijuana be like, ""it's ok, it's ok; I'll be yo friend!""" "Mon Nov 02 21:11:15 +0000 2015" True
tsidqenu19 "- Sick of waiting, gotta get it." "Mon Nov 02 16:32:28 +0000 2015" True
tsidqenu19 "- Bird's eye view ..." "Sun Nov 01 07:35:37 +0000 2015" True
tsidqenu19 "- Wear that fake smile like a cape, save yourself first." "Sat Oct 31 22:49:50 +0000 2015" True
tsidqenu19 "- TribeLife" "Mon Oct 26 17:31:42 +0000 2015" True
tsidqenu19 "- ""You have two ears and one mouth for a reason."" | My Mama" "Sun Oct 11 19:29:56 +0000 2015" True
tsidqenu19 "- #BoycottAmerica" "Sun Oct 11 17:53:08 +0000 2015" True
tsidqenu19 "- All we have is Now" "Wed Oct 07 10:37:41 +0000 2015" True
tsidqenu19 "- So much negative energy around here. It's ugly." "Mon Oct 05 02:41:58 +0000 2015" True
tsidqenu19 "- I really wish people didn't litter ..." "Sun Oct 04 17:33:57 +0000 2015" True
tsidqenu19 "- Love ..." "Sun Oct 04 07:08:35 +0000 2015" True
tsidqenu19 "- Woooo" "Sun Oct 04 01:14:17 +0000 2015" True
tsidqenu19 "- That pressure" "Sun Oct 04 01:14:02 +0000 2015" True
tsidqenu19 "- Sleep?" "Wed Sep 30 07:18:40 +0000 2015" True
tsidqenu19 "- Moon gazing" "Mon Sep 28 01:09:42 +0000 2015" True
tsidqenu19 "- Mindful, what you listen to." "Sun Sep 27 23:14:35 +0000 2015" True
tsidqenu19 "- I am convinced that music is mind controlling. Most tunes are meant to steal, kill and destroy; deplete, corrupt and disrupt." "Sun Sep 27 23:11:48 +0000 2015" True
tsidqenu19 "- Kush &amp; Corinthians 🎶" "Sun Sep 27 00:48:14 +0000 2015" True
tsidqenu19 "- Love is the greatest" "Sat Sep 26 23:38:11 +0000 2015" True
tsidqenu19 "- Tryna tell ya ... After the New Testament ..." "Fri Sep 25 03:18:23 +0000 2015" True
tsidqenu19 "- Check yoself before you wreck yoself. Religion-wise." "Tue Sep 22 22:17:02 +0000 2015" True
tsidqenu19 "- Anyone who is among the living has hope." "Mon Sep 21 14:00:26 +0000 2015" True
tsidqenu19 "- People." "Mon Sep 21 08:47:00 +0000 2015" True
tsidqenu19 "- I turn 24+ today." "Sun Sep 20 01:13:04 +0000 2015" True
tsidqenu19 "- Something plus 24 years of age." "Sat Sep 19 02:55:40 +0000 2015" True
tsidqenu19 "- #ThugLife" "Fri Sep 11 01:02:15 +0000 2015" True
tsidqenu19 "- At least I feel like that." "Fri Sep 11 01:01:31 +0000 2015" True
tsidqenu19 "- But it's just me against the world." "Fri Sep 11 01:01:16 +0000 2015" True
tsidqenu19 "- I get so lonely at these times. Smh" "Fri Sep 11 01:00:56 +0000 2015" True
tsidqenu19 "- Fought the devil last night, woke up a conqueror." "Thu Sep 10 11:27:41 +0000 2015" True
tsidqenu19 "- This place is a trap!" "Tue Sep 08 15:40:01 +0000 2015" True
tsidqenu19 "- I ain't a good student, not with this college ish. Don't put your money on me when it comes to school." "Tue Sep 08 14:35:40 +0000 2015" True
tsidqenu19 "- What to do when there's nothing to do ?? Hmm ... *grabs mariju* *grabs book*" "Tue Sep 08 00:59:54 +0000 2015" True
tsidqenu19 "- Listen?
Something New ... pt.2
https://t.co/IsNXZmhC3o" "Mon Sep 07 22:25:41 +0000 2015" True
tsidqenu19 "- You can tell much about someone's place in your life by the music they bring into it." "Mon Sep 07 01:10:32 +0000 2015" True
tsidqenu19 "- I don't even say anything, but when I walk in the room I demand attention." "Sat Aug 22 14:01:07 +0000 2015" True
tsidqenu19 "- Bump money!
Work anyway.
Make a way.
Be a King, Queen anyway." "Fri Aug 21 10:55:32 +0000 2015" True
tsidqenu19 "- ... then some of these Kings would truly be Kings; some of these Queens would truly be Queens." "Fri Aug 21 10:54:59 +0000 2015" True
tsidqenu19 "- If our work was truly the equivalent of our positions, ..." "Fri Aug 21 10:54:37 +0000 2015" True
tsidqenu19 "- Books on books on books!" "Thu Aug 20 23:56:45 +0000 2015" True
tsidqenu19 "- I believe I am here with the Spirit alone." "Wed Aug 19 16:15:41 +0000 2015" True
tsidqenu19 "- Praise GOD; I survived." "Tue Aug 18 23:30:35 +0000 2015" True
tsidqenu19 "- I ain't even mad, they still remember my name. Still, allow me to reintroduce myself!!" "Tue Aug 18 14:51:05 +0000 2015" True
tsidqenu19 "- But real talk, I am a bird, let me be free!" "Sat Aug 15 23:32:12 +0000 2015" True
tsidqenu19 "- Feeling like Pac, all eyez on me!" "Sat Aug 15 23:31:49 +0000 2015" True
tsidqenu19 "- Good thing I know how to say 'bathroom' in Spanish!" "Fri Aug 14 14:48:07 +0000 2015" True
tsidqenu19 "I am still an open book, you're just gonna have to ask.
- I am still veiling my face, just not gonna wear a mask." "Thu Aug 13 12:58:50 +0000 2015" True
tsidqenu19 "- The Color Purple 💜" "Sun Aug 09 19:48:59 +0000 2015" True
tsidqenu19 "Hope you don't think I am a saint.
Pray you don't think I am perfect.
- That would really be misleading." "Sat Aug 08 23:45:44 +0000 2015" True
tsidqenu19 "- Straight up weed, no angel dust" "Sat Aug 08 22:54:26 +0000 2015" True
tsidqenu19 "- To err is human; to forgive, divine." "Fri Aug 07 21:29:51 +0000 2015" True
tsidqenu19 "Rest easy, but wake up!
- Stay [focused]" "Fri Jul 31 03:42:29 +0000 2015" True
tsidqenu19 "- Al-Anbiyâ" "Fri Jul 31 01:09:47 +0000 2015" True
tsidqenu19 "- Free your mind and your ass will follow." "Thu Jul 30 20:23:31 +0000 2015" True
tsidqenu19 "- Your money is worthless. It may help to feed you now, but it will offer no protection or save your life." "Tue Jul 28 11:00:30 +0000 2015" True
tsidqenu19 "- What if life really was but a dream?" "Mon Jul 27 10:39:14 +0000 2015" True
tsidqenu19 "- Who is @JxckBllck? Sounds like one of the realest." "Sat Jul 25 14:56:28 +0000 2015" True
tsidqenu19 "- Power trippin'" "Sun Jul 19 19:52:30 +0000 2015" True
tsidqenu19 "RT @Nas: Shout out to those sittin at home rite now ... sucka free. Thinkn and planning. 

In time yo, it's comin. In time." "Sun Jul 19 17:45:00 +0000 2015" False
tsidqenu19 "- But hey, go head! Don't you leave here without Love. You may have to stay in this mix forever though." "Sun Jul 19 03:23:03 +0000 2015" True
tsidqenu19 "- The music too loud to really hear the truth; the crowd too thick to really feel the vibe." "Sun Jul 19 03:22:35 +0000 2015" True
tsidqenu19 "- Maybe for a night, doubt it's for life. But do things as such still happen? Is it still possible to find Love in the midst of the jam?" "Sun Jul 19 03:22:00 +0000 2015" True
tsidqenu19 "- I found myself at this party. By association, I ain't tryna be out. But I'll tell you what I notice: Everyone is set on finding someone." "Sun Jul 19 03:21:28 +0000 2015" True
tsidqenu19 "- Oh, I am indubitably aware of the fact that everyone is not King or Queen material." "Sat Jul 18 23:27:14 +0000 2015" True
tsidqenu19 "- Give some self if that's your message,
Give too much, and that's the presage." "Sat Jul 18 17:05:17 +0000 2015" True
tsidqenu19 "- Too many selfies make you selfish,
That leave less space to be selfless." "Sat Jul 18 17:04:32 +0000 2015" True
tsidqenu19 "- Exploring the Holy Books;
The Holy Qur'an" "Fri Jul 17 11:11:09 +0000 2015" True
tsidqenu19 "- I am back at this place for a bit. Flashbacks. Woah!" "Thu Jul 16 15:57:47 +0000 2015" True
tsidqenu19 "- My parents have given me the crazest of all my days! I swear!! And see, they have been my greatest teachers." "Wed Jul 15 09:51:00 +0000 2015" True
tsidqenu19 "- Be as beautiful as beauty can be. #LifeIsGood" "Mon Jul 13 13:15:27 +0000 2015" True
tsidqenu19 "- Just chill. When you know Love, all them songs will make sense." "Mon Jul 13 00:29:32 +0000 2015" True
tsidqenu19 "- To go,
And to not look back." "Sun Jul 12 16:59:35 +0000 2015" True
tsidqenu19 "- Something new must take place ..." "Sat Jul 11 04:25:20 +0000 2015" True
tsidqenu19 "- I may have to take this journey alone. But, am I ever really alone?" "Sat Jul 11 04:25:02 +0000 2015" True
tsidqenu19 "- This woman told me, ""maybe alone is what you really need to be."" And since, I've been forced to. This uiverse is cycling. GOD works." "Sat Jul 04 06:07:38 +0000 2015" True
tsidqenu19 "- I believe, if my people knew their history, we'd have a better future." "Sat Jul 04 00:56:06 +0000 2015" True
tsidqenu19 "- To live and die in Fort. L." "Fri Jul 03 22:49:13 +0000 2015" True
tsidqenu19 "- I have no idea why, but some folks think if they cry, they will get their way. Uhh ... No. I learned that when I was a boy, a baby." "Fri Jul 03 22:36:22 +0000 2015" True
tsidqenu19 "- Look, holla when you see me. But please don't kill my vibe." "Fri Jul 03 22:23:25 +0000 2015" True
tsidqenu19 "- I always end up being the DJ. Straight orchestrating. Good music, good vibes, right?" "Fri Jul 03 00:56:48 +0000 2015" True
tsidqenu19 "- It's like a jungle; sometimes it makes me wonder how I keep from going under." "Fri Jul 03 00:43:43 +0000 2015" True
tsidqenu19 "- Don't push me 'cause I'm close to the edge; I'm trying not to lose my head ..." "Fri Jul 03 00:42:35 +0000 2015" True
tsidqenu19 "- I am the most ""I don't want to talk"" person around here right now, why everybody want to talk to me?" "Thu Jul 02 20:33:55 +0000 2015" True
tsidqenu19 "- I just like being near water.
Or outside in general.
Mostly in the sky." "Wed Jul 01 15:45:07 +0000 2015" True
tsidqenu19 "- I got that good Love, girl, you didn't know?" "Wed Jul 01 01:42:59 +0000 2015" True
tsidqenu19 "- ""Could it be, if you could be mine, we both shine. If I ruled the world. Still living for today, in these last days of times.""" "Wed Jul 01 01:19:01 +0000 2015" True
tsidqenu19 "- Where there's a flower, there's the sun and the rain *" "Wed Jul 01 00:40:37 +0000 2015" True
tsidqenu19 "- I am perfecting the art of speaking fluently in vernacular and musical vibes to every tribe, type of people and crowd; it's beautiful." "Mon Jun 29 20:45:06 +0000 2015" True
tsidqenu19 "- ""Two men in a burning house must not stop to argue"" | African Proverb" "Mon Jun 29 03:11:14 +0000 2015" True
tsidqenu19 "- Strumming her pain with my fingers;
Singing her life with my words." "Mon Jun 29 02:19:15 +0000 2015" True
tsidqenu19 "- I see GOD everywhere that I go. No matter where it is that I go." "Sun Jun 28 23:58:17 +0000 2015" True
tsidqenu19 "- I enjoy doing little simple stuff no one else can do. Like, just a flip of a switch in the mental." "Sun Jun 28 23:18:42 +0000 2015" True
tsidqenu19 "- Preach what you practice" "Sun Jun 28 23:13:36 +0000 2015" True
tsidqenu19 "- ""International Player's Anthem""" "Sun Jun 28 18:52:08 +0000 2015" True
tsidqenu19 "- The last one sleep;
      The first one woke." "Sun Jun 28 11:37:10 +0000 2015" True
tsidqenu19 "- What do we have here now?
Do you wanna ride or die?
La dadada, la la la la" "Sun Jun 28 02:17:17 +0000 2015" True
tsidqenu19 "- Be a w̲a̲r̲r̲i̲o̲r̲;
     Not a w̶o̶r̶r̶i̶e̶r̶." "Sun Jun 28 01:11:07 +0000 2015" True
tsidqenu19 "- Foundation; solid!" "Sat Jun 27 16:28:21 +0000 2015" True
tsidqenu19 "- Sometimes I let them babble on;
       Remembering we're in Babylon." "Fri Jun 26 17:23:12 +0000 2015" True
tsidqenu19 "- Back at square one; still so close to step two." "Fri Jun 26 14:52:50 +0000 2015" True
tsidqenu19 "- If only she knew she had the cure to my down days ..." "Fri Jun 26 12:24:58 +0000 2015" True
tsidqenu19 "- That's with the strength of an ant, and with faith the size of a mustard seed." "Fri Jun 26 01:11:58 +0000 2015" True
tsidqenu19 "- I get so full and soulful my soul shake;
Pray I slow take as so make room for my soul mate." "Thu Jun 25 23:40:54 +0000 2015" True
tsidqenu19 "- When it's time, lookithere!" "Wed Jun 24 23:56:19 +0000 2015" True
tsidqenu19 "- But I don't wanna be alone right now." "Tue Jun 23 22:00:22 +0000 2015" True
tsidqenu19 "- A special bond that is worth to keep, is a challenging bond that is a journey to get ..." "Mon Jun 22 23:06:12 +0000 2015" True
tsidqenu19 "- Think I came this far to not get in the water??" "Mon Jun 22 14:19:46 +0000 2015" True
tsidqenu19 "- I don't expose my cool,
I dont reveal my moves." "Mon Jun 22 13:14:21 +0000 2015" True
tsidqenu19 "- Today, I choose Life" "Mon Jun 22 10:49:43 +0000 2015" True
tsidqenu19 "- I will skip sleep tonight, morning." "Sun Jun 21 08:58:42 +0000 2015" True
tsidqenu19 "- I ain't mad atcha" "Sat Jun 20 02:42:37 +0000 2015" True
tsidqenu19 "- This would be smoother if I turn my phone off ..." "Sat Jun 20 01:18:35 +0000 2015" True
tsidqenu19 "- I am not mad at all. I honestly believe I deserve what I get. In fact, I am let off easy, if I am posed to get what I deserve." "Fri Jun 19 22:04:26 +0000 2015" True
tsidqenu19 "- I have to let people know the truth when they consider me all good. That's a lie. I am more human than you! Don't make me sin like that." "Fri Jun 19 12:36:37 +0000 2015" True
tsidqenu19 "- But I gotta go. Got some folks I need to see and listen to." "Fri Jun 19 01:25:08 +0000 2015" True
tsidqenu19 "- I don't wanna live no mo, sometimes I hear death knocking! at my front do'" "Fri Jun 19 01:09:58 +0000 2015" True
tsidqenu19 "- Look, the return gone be so ugly beautiful! You be ready, if they ain't." "Fri Jun 19 01:01:21 +0000 2015" True
tsidqenu19 "- These unexplainable dreams. I give them too, to GOD." "Thu Jun 18 18:18:06 +0000 2015" True
tsidqenu19 "- The Book of Job" "Thu Jun 18 01:07:00 +0000 2015" True
tsidqenu19 "- No more. I am done. I can not do it by myself. I will place it all in GOD's care, where it should have stayed." "Thu Jun 18 01:04:15 +0000 2015" True
tsidqenu19 "- ""Tell me what it is; what it is, no need to make believe.
Look beyond your world; try to find, find a place for me.""" "Tue Jun 16 04:36:16 +0000 2015" True
tsidqenu19 "- I be up ... Somebody gotta stay there. Somebody gotta reach out." "Mon Jun 15 09:46:33 +0000 2015" True
tsidqenu19 "- The first step to becoming is believing." "Sun Jun 14 19:42:45 +0000 2015" True
tsidqenu19 "- The way I see it, if you can not efficiently freestyle a good lil bit, you are not a lyrical genius." "Fri Jun 12 16:56:47 +0000 2015" True
tsidqenu19 "- Look, I am so thankful for my parents!" "Fri Jun 12 10:41:38 +0000 2015" True
tsidqenu19 "- Each time;
Caught up in this time lapse." "Thu Jun 11 04:19:42 +0000 2015" True
tsidqenu19 "- לחזור לאלוהים" "Wed Jun 10 21:35:49 +0000 2015" True
tsidqenu19 "- भगवान के लिए लौटें" "Wed Jun 10 21:35:28 +0000 2015" True
tsidqenu19 "- Regreso a Dios" "Wed Jun 10 21:35:11 +0000 2015" True
tsidqenu19 "- Kurudi kwa Mungu" "Wed Jun 10 21:34:57 +0000 2015" True
tsidqenu19 "- Tounen vin jwenn Bondye" "Wed Jun 10 21:34:42 +0000 2015" True
tsidqenu19 "- Good vibes!" "Wed Jun 10 00:41:46 +0000 2015" True
tsidqenu19 "- Cease calling each other Ns and Bs,
Only accept Kings and Queens." "Tue Jun 09 23:37:46 +0000 2015" True
tsidqenu19 "- Who will listen when he speaks?" "Tue Jun 09 17:06:29 +0000 2015" True
tsidqenu19 "- Ghana, Africa" "Tue Jun 09 15:12:48 +0000 2015" True
tsidqenu19 "When the prophet speaks,
few will hear,
even less will listen.
- These days though." "Tue Jun 09 01:25:22 +0000 2015" True
tsidqenu19 "- Understand me, use critical thinking while reading anything, especially holy books." "Mon Jun 08 12:21:33 +0000 2015" True
tsidqenu19 "- Always respected women with some size.
Always figured she had life within' her thighs." "Sun Jun 07 22:19:57 +0000 2015" True
tsidqenu19 "- ""So I'm smoking my kush reading Corinthians""" "Sun Jun 07 18:27:55 +0000 2015" True
tsidqenu19 "- This just happened. So, I spoke loudly for them all to hear, ""Return to the Lord, may GOD bless you all!"" Then bam! The door hit me." "Sun Jun 07 16:06:48 +0000 2015" True
tsidqenu19 "- So I check out restaurants here and there, alone, and I swear everyone thinks I'm an undercover critic or something. Everyone be on point!" "Sun Jun 07 15:41:16 +0000 2015" True
tsidqenu19 "- I got 5 on it" "Sun Jun 07 00:08:44 +0000 2015" True
tsidqenu19 "- Tick Tock" "Thu Jun 04 23:49:43 +0000 2015" True
tsidqenu19 "- I feel the battle just begun." "Thu Jun 04 21:55:44 +0000 2015" True
tsidqenu19 "- If I tell you, you probably won't believe me. But I practice honesty, you need you to try, at least. Indeed. I am here." "Thu Jun 04 17:45:34 +0000 2015" True
tsidqenu19 "- Every tribe welcomes me; I fit into neither." "Tue Jun 02 12:48:21 +0000 2015" True
tsidqenu19 "- I'm longing for Queen Love. The more I learn of true Love and life, the more the fakers and invokers of death approach me. Woah no I know." "Mon Jun 01 18:03:09 +0000 2015" True
tsidqenu19 "- If we walk in the Light, we won't stumble in this darkness." "Mon Jun 01 13:57:14 +0000 2015" True
tsidqenu19 "- ""I'll call before I come, I won't just pop up over out the blue. I hope that you do too.""" "Sat May 30 21:36:34 +0000 2015" True
tsidqenu19 "- Mysterious ways for real ..." "Fri May 29 18:30:53 +0000 2015" True
tsidqenu19 "- Just me and the moon again tonight.
Me: Aye, moon bro!
Moon: *glints*" "Thu May 28 05:39:07 +0000 2015" True
tsidqenu19 "- I thank GOD for my reflexes. 'Cause look ... tooquick" "Sun May 24 23:39:17 +0000 2015" True
tsidqenu19 "- End my day up on the roof" "Thu May 21 01:24:36 +0000 2015" True
tsidqenu19 "- African non American" "Fri May 15 07:48:27 +0000 2015" True
tsidqenu19 "- I had the realest freestyle session with an admitted demon tonight. Since I practice honesty, I'll tell you;
I completely destroyed him." "Wed May 13 05:45:28 +0000 2015" True
tsidqenu19 "- Put it like this, I'd rather they be afraid of me than I of them." "Tue May 12 04:26:39 +0000 2015" True
tsidqenu19 "- Lol. Told jit to go sell a coconut. He goes over to some dudes, talk, and one dude yells out 'lil man a hustler bro!'. Smh. Lol." "Mon May 11 03:40:20 +0000 2015" True
tsidqenu19 "- Look both ways before you cross my mind." "Mon May 11 00:44:48 +0000 2015" True
tsidqenu19 "- Palm Beach. It's been such a long time." "Sun May 10 12:21:18 +0000 2015" True
tsidqenu19 "- I'm so ready!" "Sat May 09 18:32:51 +0000 2015" True
tsidqenu19 "- Without words, a person's eyes will tell it." "Sun May 03 20:42:36 +0000 2015" True
tsidqenu19 "- The Song of Moses
Deuteronomy 32" "Fri May 01 11:33:43 +0000 2015" True
tsidqenu19 "- The Kingdom of Heaven is free, and therefore so costly." "Mon Apr 27 00:28:14 +0000 2015" True
tsidqenu19 "- New phone.
But everything the same.
Few lost numbers.
But everything the same." "Sun Apr 26 23:45:44 +0000 2015" True
tsidqenu19 "- Higher and higher" "Sun Apr 26 05:50:21 +0000 2015" True
tsidqenu19 "- Real music will take you away;
somewhere realer than reality." "Sun Apr 26 04:52:50 +0000 2015" True
tsidqenu19 "- Money can't save yo soul" "Sat Apr 25 05:11:58 +0000 2015" True
tsidqenu19 "I have dreams and visions, but I also have something I would like to tell you:
- Be patient and wait for The Lord." "Fri Apr 24 13:11:13 +0000 2015" True
tsidqenu19 "- Scriptures must be fulfilled. If you've been paying attention, you'll see it already." "Fri Apr 24 09:44:49 +0000 2015" True
tsidqenu19 "- Ok, ok. I shall continue writing.
#music" "Thu Apr 23 13:28:26 +0000 2015" True
tsidqenu19 "- Stop and breathe." "Thu Apr 23 13:04:46 +0000 2015" True
tsidqenu19 "- I gotta get away from here.
I mean, I want to.
I mean, far;
Far away." "Wed Apr 22 05:26:31 +0000 2015" True
tsidqenu19 "- Be blessed my nizza" "Wed Apr 22 05:07:25 +0000 2015" True
tsidqenu19 "- Don't forget the past,
But focus on the future." "Sat Apr 18 07:29:20 +0000 2015" True
tsidqenu19 "- I'm black.
You see that." "Fri Apr 17 19:39:47 +0000 2015" True
tsidqenu19 "- Maybe the Lord will enter the home of this Pharaoh and give him forgiveness; maybe He already has." "Fri Apr 17 05:48:50 +0000 2015" True
tsidqenu19 "You will feel, first.
Then, you will hear.
And after, you will see.
Each of you.
- Remember." "Fri Apr 17 05:40:33 +0000 2015" True
tsidqenu19 "- Yes to #MajorLazer" "Fri Apr 17 04:10:36 +0000 2015" True
tsidqenu19 "- Learn to Love her,
or learn to leave her." "Thu Apr 16 23:04:13 +0000 2015" True
tsidqenu19 "- Medicine isn't meant to heal you. Medicine is meant to sustain you until you need more medicine." "Thu Apr 16 19:47:18 +0000 2015" True
tsidqenu19 "- What good are your words
if your words aren't good?" "Thu Apr 16 18:41:32 +0000 2015" True
tsidqenu19 "- ""Positive hands are traveling around Jorden""" "Thu Apr 16 14:21:37 +0000 2015" True
tsidqenu19 "- I wouldn't consider it judging, for I do allow people time and space to show all of themselves, but I do a lot of personality analyzing." "Thu Apr 16 06:27:27 +0000 2015" True
tsidqenu19 "- I sometimes google 'pets taking selfies' to get a good laugh. Lol." "Thu Apr 16 04:01:11 +0000 2015" True
tsidqenu19 "- She's off to the races, I'm chasing her all over town." "Wed Apr 15 21:34:16 +0000 2015" True
tsidqenu19 "- The rid of desires aid the rid of temptations. The less of yourself, the more of thyself." "Tue Apr 14 15:07:41 +0000 2015" True
tsidqenu19 "- Just to keep ya head above water you still must know how to swim." "Tue Apr 14 04:10:49 +0000 2015" True
tsidqenu19 "- Smile;
The most simply, most free, and most quick way to change your world, or another's." "Mon Apr 13 18:44:16 +0000 2015" True
tsidqenu19 "- I believe I belong on an island somewhere, off the grid. But that's just me thinking 'bout me." "Sun Apr 12 21:29:40 +0000 2015" True
tsidqenu19 "- Not all Pharaohs are evil. Don't judge by color, or crown." "Sun Apr 12 21:26:54 +0000 2015" True
tsidqenu19 "- May 5" "Sun Apr 12 20:00:13 +0000 2015" True
tsidqenu19 "- But tests show that they're both my parents. And my nature makes me Love them both unconditionally." "Sun Apr 12 19:52:21 +0000 2015" True
tsidqenu19 "- My father, my mother ... Wow. I have no idea how they both mixed and made me. I'm unlike them both, in many aspects." "Sun Apr 12 19:49:32 +0000 2015" True
tsidqenu19 "- I found to be true,
that the best advice given,
is the one the giver could use." "Sat Apr 11 17:15:28 +0000 2015" True
tsidqenu19 "- I don't know why, but technology tends to act up around me. Cash registers opening, car alarms going off, cell phones service mess-ups." "Fri Apr 10 19:20:04 +0000 2015" True
tsidqenu19 "- Allow it to be as water." "Fri Apr 10 05:40:37 +0000 2015" True
tsidqenu19 "- Words that are strictly true seem to be paradoxical." "Fri Apr 10 04:31:57 +0000 2015" True
tsidqenu19 "- I would have never imagined it would get this deep. I went from just taking the step ... To realizing, each one was ordered and purposed." "Thu Apr 09 15:44:31 +0000 2015" True
tsidqenu19 "- Been at this for awhile; going farther, no more sexual relations until marriage. If I never get married, welp. More time for 'GOD focus'." "Thu Apr 09 07:03:42 +0000 2015" True
tsidqenu19 "- Why did Power 106 call me today earlier? ..." "Thu Apr 09 04:41:56 +0000 2015" True
tsidqenu19 "- I'm tired of these murders bruh, forreal! It's sick!" "Wed Apr 08 04:09:26 +0000 2015" True
tsidqenu19 "- There's strange energy in the air tonight. Can you feel it?" "Wed Apr 08 02:17:36 +0000 2015" True
tsidqenu19 "- ""Someone as mighty as a lion;
but still as gentle as a blue bird.""" "Tue Apr 07 22:49:29 +0000 2015" True
tsidqenu19 "- I wasn't there when she needed me; it is only fair that she is not here now when I need her." "Tue Apr 07 18:28:38 +0000 2015" True
tsidqenu19 "- 30 pushups each commercial got me like forget this movie! ..." "Tue Apr 07 05:16:57 +0000 2015" True
tsidqenu19 "- It's just GOD and me." "Tue Apr 07 03:05:45 +0000 2015" True
tsidqenu19 "- A fool, if I take it all for granted.
A wise man, if I keep my feet planted." "Mon Apr 06 16:56:20 +0000 2015" True
tsidqenu19 "- Yes, I have seen your face, I have heard you speak, and I have noticed your actions, but I do not know you; who are you people?" "Mon Apr 06 16:00:56 +0000 2015" True
tsidqenu19 "- I want so much for people. I Love what these people could be. That is rough, because I do not like who these people are." "Mon Apr 06 04:47:51 +0000 2015" True
tsidqenu19 "- Why are you searching for the living amongst the dead? He isn't here. He has risen." "Sun Apr 05 13:17:45 +0000 2015" True
tsidqenu19 "- No one can answer this, but what's really going on?" "Sun Apr 05 05:37:21 +0000 2015" True
tsidqenu19 "Why are you judging them?
- You are them.
Do you not see that you are judging yourself?" "Sat Apr 04 14:04:53 +0000 2015" True
tsidqenu19 "- ""When they reminisce over you ...""" "Fri Apr 03 13:08:09 +0000 2015" True
tsidqenu19 "- All I want is all GOD gives me.
Whenever it may come.
However it may come." "Fri Apr 03 10:03:07 +0000 2015" True
tsidqenu19 "- What kinda den they put you in when the lions start hissin'?" "Thu Apr 02 23:20:00 +0000 2015" True
tsidqenu19 "- This is deep.
With no waters at hand,
I am drowning in bliss;
Overwhelmed with joy.
#4" "Thu Apr 02 22:15:42 +0000 2015" True
tsidqenu19 "- ""Ex-Factor"" | Lauryn Hill 🎶" "Thu Apr 02 17:06:45 +0000 2015" True
tsidqenu19 "- Learned to be alone. It's therapeutic now." "Thu Apr 02 02:49:38 +0000 2015" True
tsidqenu19 "- Now you're back in the trap. Just that; trapped." "Thu Apr 02 00:54:34 +0000 2015" True
tsidqenu19 "- I need one like Mary Magdelene. Never leave my side, even when I gotta go out to do my work. Tell me the truth, and keep it. Love me." "Thu Apr 02 00:05:19 +0000 2015" True
tsidqenu19 "- Don't look back. Stay focused. Self." "Wed Apr 01 15:59:29 +0000 2015" True
tsidqenu19 "- I made some neckbones last night that's so good, you'll slap yo momma. If you ain't tryna square up with ya momma, don't eat my neckbones." "Wed Apr 01 13:45:51 +0000 2015" True
tsidqenu19 "- I wonder if she knows that it is ok to text me first." "Wed Apr 01 13:32:56 +0000 2015" True
tsidqenu19 "- That was cool and refreshing.
Like ocean water." "Wed Apr 01 04:19:41 +0000 2015" True
tsidqenu19 "- I remember a time when females felt disrespected getting called outta name. Now they call themselves outta name." "Tue Mar 31 22:52:39 +0000 2015" True
tsidqenu19 "- What's wrong with these people?" "Tue Mar 31 20:52:45 +0000 2015" True
tsidqenu19 "- ""I guess I'll see you next lifetime. Maybe we'll be butterflies."" 🎶" "Tue Mar 31 12:52:15 +0000 2015" True
tsidqenu19 "- If I told people that I cook, good, daily, they probably wouldn't even believe me. I mean, I wouldn't believe it if I wasn't doing it." "Mon Mar 30 18:21:59 +0000 2015" True
tsidqenu19 "- I'm making oxtails tonight. With what? I have no idea as of yet." "Mon Mar 30 18:21:08 +0000 2015" True
tsidqenu19 "- Love doesn't die.
Still, let Love live." "Sun Mar 29 02:13:57 +0000 2015" True
tsidqenu19 "- Everybody need somebody." "Sat Mar 28 16:41:45 +0000 2015" True
tsidqenu19 "- Ok. Something about a new gate ..." "Sat Mar 28 09:24:41 +0000 2015" True
tsidqenu19 "- For your benefit:
Prayer is speaking; the key.
Meditation is listening; the unlocking." "Sat Mar 28 01:16:53 +0000 2015" True
tsidqenu19 "- I don't like to see males play female roles, or vice-versa. It isn't funny or entertainment for me; personally speaking." "Fri Mar 27 16:41:40 +0000 2015" True
tsidqenu19 "- 🎶

""Is every nizza with dreads for the cause?
Is every nizza with golds for the fall?
Naw.
So don't get caught up in appearance.""" "Fri Mar 27 11:35:51 +0000 2015" True
tsidqenu19 "- ""And you will know the truth, and the truth will set you free.” John 8:32 [NLT]" "Fri Mar 27 09:28:45 +0000 2015" True
tsidqenu19 "- I'm a sucka for Love.
I tried to keep my front up,
But I'm a sucka for Love." "Fri Mar 27 01:10:26 +0000 2015" True
tsidqenu19 "- When sish hit the fan,
is you still a fan??" "Fri Mar 27 00:55:00 +0000 2015" True
tsidqenu19 "- Practicing complaining none at all. Sounds simple, but naa. This ain't easy at all." "Thu Mar 26 22:33:41 +0000 2015" True
tsidqenu19 "- Then Jesus wept. | John 11:35" "Thu Mar 26 16:06:58 +0000 2015" True
tsidqenu19 "- The homies came through. I can not tell you when the last time I chilled with another human friend. That alone sounds wild." "Thu Mar 26 01:04:53 +0000 2015" True
tsidqenu19 "- Won't let you look into my pockets.
Nope!" "Thu Mar 26 00:05:33 +0000 2015" True
tsidqenu19 "- She's my cherry wine;
But where is she?" "Wed Mar 25 13:28:04 +0000 2015" True
tsidqenu19 "- Hmm. Family ..." "Tue Mar 24 21:21:37 +0000 2015" True
tsidqenu19 "- I was thinking the 20th was the day for this, it was the day for that. I made a mistake; good thing. It's still cold out there." "Tue Mar 24 20:37:24 +0000 2015" True
tsidqenu19 "- I've already accepted my fate. Let go of the hate, and regret. I'm on some highhh up. I can't go back down, lower." "Tue Mar 24 19:46:26 +0000 2015" True
tsidqenu19 "- Everybody having children. I'm not even 'doing it'. Lol." "Tue Mar 24 16:36:28 +0000 2015" True
tsidqenu19 "- Speak to the King in me.
That takes a certain tongue." "Tue Mar 24 00:50:01 +0000 2015" True
tsidqenu19 "- Gotsta stay focused 🆙" "Mon Mar 23 02:51:48 +0000 2015" True
tsidqenu19 "- 7 dayz 🆙" "Fri Mar 13 22:31:45 +0000 2015" True
tsidqenu19 "- New Chapter 📖" "Sun Mar 08 21:26:02 +0000 2015" True
tsidqenu19 "- ""Too much talk leads to sin. Be sensible and keep your mouth shut."" | Psalms 10:19 [NLT]" "Wed Mar 04 10:42:43 +0000 2015" True
tsidqenu19 "- When I didn't know, I was hoping you would teach me. But now I know, I'll help you." "Sun Mar 01 17:11:02 +0000 2015" True
tsidqenu19 "- And ... I won't complain or ask for attention." "Wed Feb 25 04:55:01 +0000 2015" True
tsidqenu19 "- I have zero game;
Good thing I ain't playing." "Tue Feb 24 00:05:35 +0000 2015" True
tsidqenu19 "- Staring at the world through my rearview." "Mon Feb 23 19:29:35 +0000 2015" True
tsidqenu19 "- I am reserved for the Queen." "Mon Feb 23 05:36:31 +0000 2015" True
tsidqenu19 "- Catch me while I'm faded,
'Cause when I get sober, I'm gone." "Sun Feb 22 02:10:20 +0000 2015" True
tsidqenu19 "- Hail Mary 🙏" "Sun Feb 22 01:52:52 +0000 2015" True
tsidqenu19 "- Charm is deceitful,
And beauty fades." "Sun Feb 22 01:15:59 +0000 2015" True
tsidqenu19 "- She's from the jungle 🐆🌺 🔱💎" "Sat Feb 21 20:49:40 +0000 2015" True
tsidqenu19 "I found myself in the ocean,
- Before it was too late.
I crossed the Jordan River,
And became Jorden Lake." "Sat Feb 21 16:25:54 +0000 2015" True
tsidqenu19 "- #Forgiven
Now I can't/won't go back." "Thu Feb 19 18:27:58 +0000 2015" True
tsidqenu19 "- I look at no man or woman as less than me; but it bothers me when another think of themselves better than others." "Thu Feb 19 15:34:32 +0000 2015" True
tsidqenu19 "- Balance:
Here's the good: ○
Here's the bad: ●
Here's the bad in the good: ⚆
Here's the good in the bad: ⚈
Here's life: ☯" "Thu Feb 19 04:47:24 +0000 2015" True
tsidqenu19 "- ""I'm just like a baby drooling over you."" 🎶" "Thu Feb 19 02:17:19 +0000 2015" True
tsidqenu19 "- At the point of no return lies an entirely new beginning. Let go and hold on." "Wed Feb 18 01:42:47 +0000 2015" True
tsidqenu19 "- I was thinking of writing a poem about allergies but I'm practicing no cursing." "Thu Feb 12 19:24:06 +0000 2015" True
tsidqenu19 "- I don't want to wait forever.
I don't want to walk forever.
Friends? Family?
Just GOD." "Thu Feb 12 12:09:52 +0000 2015" True
tsidqenu19 "- I don't know what this is. But no time to show it. Gotta act like I know, at least. I just know this, this won't end like this." "Thu Feb 12 11:53:21 +0000 2015" True
tsidqenu19 "- Money can get you anything today, including friends. I'm not sure how high the quality, but I'm sure they're high in quantity" "Sat Feb 07 18:52:53 +0000 2015" True
tsidqenu19 "- I walked up in the wrong place for lunch, but a young nigga hungry." "Sat Feb 07 18:19:01 +0000 2015" True
tsidqenu19 "- Grew up thinking I was misplaced;
Grown and realizing I'm set aside." "Sat Feb 07 12:43:14 +0000 2015" True
tsidqenu19 "- Ill weather, but I'm chilling." "Thu Feb 05 13:42:17 +0000 2015" True
tsidqenu19 "- I'm #BlackNow
With #BlackHistory
And #BlackFuture" "Wed Feb 04 11:54:09 +0000 2015" True
tsidqenu19 "- Things money can't buy ..." "Wed Feb 04 11:51:38 +0000 2015" True
tsidqenu19 "- ""Don't save her, she don't wanna be saved"" 🎶" "Tue Feb 03 20:05:10 +0000 2015" True
tsidqenu19 "- You can wake up and get going,
Or stay sleep and get passed by." "Tue Feb 03 18:11:38 +0000 2015" True
tsidqenu19 "- It was some time ago.
I ain't want her to think I judged her for doing drugs,
So I made a song and said I did it.
I called it my religion." "Tue Feb 03 16:30:25 +0000 2015" True
tsidqenu19 "- Do y'all ever grow tired of that ...
Or do you think it can last forever?" "Tue Feb 03 10:42:28 +0000 2015" True
tsidqenu19 "- Don’t forget to show hospitality to strangers, for some who have done this have entertained angels without realizing it." "Mon Feb 02 02:53:37 +0000 2015" True
tsidqenu19 "- I'm blessed, but put to the test;
A lil stressed, I pray I find rest." "Sat Jan 31 22:52:50 +0000 2015" True
tsidqenu19 "Mind
--------
Matter" "Sat Jan 31 15:41:24 +0000 2015" True
tsidqenu19 "- Not all with ears listen.
Not all with eyes pay attention." "Fri Jan 30 01:44:50 +0000 2015" True
tsidqenu19 "- My uncle: ""I'll be back. I'm about to take this fat boy to the store."" Lol. What?" "Tue Jan 27 21:14:38 +0000 2015" True
tsidqenu19 "- Thank GOD for change.
#ImBetter" "Tue Jan 27 14:54:10 +0000 2015" True
tsidqenu19 "- Love." "Mon Jan 26 03:48:55 +0000 2015" True
tsidqenu19 "- Just bought my first box of girl scout cookies ... Please tell me why they taste like the ingredients used to make the powder puff girls" "Sat Jan 24 17:54:24 +0000 2015" True
tsidqenu19 "- If money is the first thing on your mind when you wake up, you can make such a great modern day rap song. But I will not listen." "Fri Jan 23 13:13:54 +0000 2015" True
tsidqenu19 "- Money has always been there. You should know, personally, how the Love of it brings forth many evil thoughts and doings." "Fri Jan 23 13:12:12 +0000 2015" True
tsidqenu19 "- Did I make a mistake?" "Fri Jan 23 00:00:19 +0000 2015" True
tsidqenu19 "- Some paths are so narrow, you'll have to go alone." "Wed Jan 21 20:43:37 +0000 2015" True
tsidqenu19 "- I'll keep speaking until I'm finished.
I'll keep giving my presence until I have to go." "Wed Jan 21 17:50:59 +0000 2015" True
tsidqenu19 "- Some people won't get it until the end. From the sheep to people close to me. Do anyone understand what I am saying to them, personally?" "Wed Jan 21 17:48:19 +0000 2015" True
tsidqenu19 "When GOD says ""Stay"", I'm home.
- When GOD says ""Go"", I'm gone!" "Tue Jan 20 15:57:47 +0000 2015" True
tsidqenu19 "RT @AboutVirgos: A #Virgo will set their eyes on something, and in some time it will be all theirs." "Thu Jan 15 17:06:02 +0000 2015" False
tsidqenu19 "- After every haircut, all eyez on me. I be feeling TOO suave!" "Wed Jan 14 20:24:27 +0000 2015" True
tsidqenu19 "- At the shop,
'bout to get a chop.
Needed." "Wed Jan 14 19:56:57 +0000 2015" True
tsidqenu19 "- Weed and sleep. Yeaaa" "Sun Jan 11 01:51:09 +0000 2015" True
tsidqenu19 "- I'm enjoying this wind and weather today." "Sat Jan 10 20:45:47 +0000 2015" True
tsidqenu19 "- Wake up!" "Sun Jan 04 13:59:33 +0000 2015" True
tsidqenu19 "- #WeNeedMoreKings" "Sat Jan 03 22:44:50 +0000 2015" True
tsidqenu19 "- #WeNeedMoreQueens" "Sat Jan 03 22:44:34 +0000 2015" True
tsidqenu19 "- ""It was a clear black night; a clear white moon"" 🎶" "Sat Jan 03 04:54:38 +0000 2015" True
tsidqenu19 "- Start where you are.
Use what you have.
Do what you can." "Sat Jan 03 04:02:12 +0000 2015" True
tsidqenu19 "- Here I find myself again, in mask and cape. I wanna free 'em all but some just can't be saved." "Fri Jan 02 22:41:00 +0000 2015" True
tsidqenu19 "- I search, think and write in the height of the hour. Here I find myself a hero with no super powers." "Fri Jan 02 22:39:55 +0000 2015" True
tsidqenu19 "Maybe I'm just stubborn.
- Maybe I know what I'm doing." "Fri Jan 02 01:28:06 +0000 2015" True
tsidqenu19 "- GOD speed into 2015!" "Thu Jan 01 06:31:43 +0000 2015" True
tsidqenu19 "- 🎶 ""Apparently,
You believe in me.""" "Wed Dec 31 18:10:11 +0000 2014" True
tsidqenu19 "*starts looking for open mics in my city*" "Tue Dec 30 15:16:26 +0000 2014" True
tsidqenu19 "- I'm just a lion in a dog-eat-dog world." "Mon Dec 29 22:36:03 +0000 2014" True
tsidqenu19 "- Some adults are stuck in their ways, put your hope in the children;
Not all that is already built is stable, put your trust in rebuilding." "Mon Dec 29 17:18:12 +0000 2014" True
tsidqenu19 "- Some people are great at guessing, but that's it." "Sun Dec 28 18:32:58 +0000 2014" True
tsidqenu19 "- One of the biggest mistakes you can make is expecting someone to know exactly what is on your mind." "Sun Dec 28 18:32:12 +0000 2014" True
tsidqenu19 "- In the process of losing, I'm finding. Bitter-sweet, chaotic-harmony, homely-beautiful." "Sun Dec 28 03:57:16 +0000 2014" True
tsidqenu19 "- I believe in good people and good deeds. Not just any 'ol good, but true good." "Sat Dec 27 05:03:34 +0000 2014" True
tsidqenu19 "- About to juice up and fly through faded unjaded." "Thu Dec 25 17:42:35 +0000 2014" True
tsidqenu19 "- I'm in good spirit." "Wed Dec 24 19:53:28 +0000 2014" True
tsidqenu19 "- Ease of mind
Good times
Cherry wine 🎶
Life is good" "Wed Dec 24 14:33:52 +0000 2014" True
tsidqenu19 "- One, you can see nearly nothing. 
Another, you see almost everything." "Wed Dec 24 05:00:10 +0000 2014" True
tsidqenu19 "- Both can be very soul shaking." "Wed Dec 24 04:59:42 +0000 2014" True
tsidqenu19 "- Love can blind you; 
Or Love can open your eyes." "Wed Dec 24 04:59:20 +0000 2014" True
tsidqenu19 "- You'll never know that you can fly if you don't jump ..." "Mon Dec 22 00:44:24 +0000 2014" True
tsidqenu19 "- Even the wise get lonely; more so than others if you ask me." "Mon Dec 22 00:38:00 +0000 2014" True
tsidqenu19 "- What I want for Christmas can not be bought or gift wrapped." "Sun Dec 21 16:22:02 +0000 2014" True
tsidqenu19 "- Keep GOD in ya life, you gone be aiight." "Thu Dec 18 02:15:41 +0000 2014" True
tsidqenu19 "- That was yesterday. Good morning. Go again." "Wed Dec 17 13:00:28 +0000 2014" True
tsidqenu19 "- Life ain't even about you, it's about the people around you. What do you have to say?" "Wed Dec 17 02:17:54 +0000 2014" True
tsidqenu19 "- I am back, awoke." "Mon Dec 15 21:51:23 +0000 2014" True
